-- Inserting data into Shop

INSERT INTO Shop
VALUES  ('Popular', 23),
        ('Challenger', 89),
        ('Sephora', 10000),
        ('Uniqlo', 488),
        ('Ikea', 700),
        ('Apple', 8),
        ('Giant', 454),
        ('Tech Fit', 66),
        ('Cetaphil', 23),
        ('Nescafe', 10),
        ('Creative', 5),
        ('Fly Buy', 2),
        ('Word Wide Wishes', 3),
        ('Authentic Shoppe', 2),
        ('Cybershop', 1),
        ('Silver Creek', 2),
        ('Abundance Sold Here', 2),
        ('Widehaven', 7),
        ('Directmart', 1),
        ('Choose and Track', 22),
        ('Samsung', 11),
        ('Quail Hollow', 46);

-- Inserting data into Product

INSERT INTO Product
VALUES  ('White Eraser', 'Faber-Castell', 1.90, 'Stationery'),
        ('Black pen', 'Zebra', 2.90, 'Stationary'),
        ('Blue pen', 'Zebra', 2.90, 'Stationary'),
        ('Red pen', 'Zebra', 2.90, 'Stationary'),
        ('Database textbook', 'Pearson', 39.00, 'Books'),
        ('Color pencils', 'Faber-Castell', 15.90, 'Stationary'), 
        ('iPhone XR', 'Apple', 1299, 'Electronics'),
        ('Headphones', 'JBL', 1000, 'Electronics'),
        ('Monitor', 'DELL', 2100, 'Electronics'),
        ('Gaming mouse', 'Razer', 159, 'Electronics'),
        ('Gaming keyboard', 'Razer', 189, 'Electronics'),
        ('Hair curler', 'Dyson', 599, 'Electronics'),
        ('Gaming chair', 'Secret Lab', 580, 'Furniture'), 
        ('Loose powder', 'Chanel', 79.90, 'Makeup'),
        ('CC Cream', 'IT Cosmetic', 83.90, 'Makeup'),
        ('Foundation', 'Mabelline', 24, 'Makeup'),
        ('Mascara', 'Mabelline', 11.50, 'Makeup'),
        ('Blush', 'NARS', 53.90, 'Makeup'),
        ('Daisy', 'Marc Jacob', 76, 'Perfume'),
        ('FEMME', 'ZARA', 19.99, 'Perfume'),
        ('Airism Mask', 'Uniqlo', 9.90, 'Clothing'),
        ('Tote bag', 'Uniqlo', 12.99, 'Accessories'),
        ('V-neck shirt', 'Uniqlo', 15, 'Clothing'),
        ('Crew neck shirt', 'Uniqlo', 19, 'Clothing'),
        ('Dress', 'Uniqlo', 23, 'Clothing'),
        ('Sweater', 'Uniqlo', 15.99, 'Clothing'),
        ('Shoes', 'Uniqlo', 19.90, 'Clothing'), 
        ('Jacket', 'Uniqlo', 25, 'Clothing'), 
        ('Chair', 'Ikea', 23.90, 'Furniture'),
        ('Table', 'Ikea', 33.90, 'Furniture'),
        ('Soft toy', 'Ikea', 12, 'Toys'),
        ('Sofa', 'Ikea', 399, 'Furniture'),
        ('Bedsheet', 'Ikea', 30, 'Household'),
        ('Pillow', 'Ikea', 50, 'Household'),
        ('Cabinet', 'Ikea', 55.90, 'Furniture'),
        ('iPhone X', 'Apple', 1100, 'Phone'),
        ('iPhone 11', 'Apple', 1200, 'Phone'),
        ('iPhone 13', 'Apple', 1299, 'Phone'),
        ('iPhone 13 Pro', 'Apple', 1399, 'Phone'),
        ('iPad Air', 'Apple', 1500, 'Tablet'),
        ('MacBook', 'Apple', 1800, 'Laptop'),
        ('Airpods Pro', 'Apple', 539, 'Headphones'),
        ('Bread', 'Gardenia', 3.99, 'Food'),
        ('Toilet paper', 'Softy', 12.90, 'Toiletries'),
        ('Shampoo', 'Dove', 16.90, 'Toiletries'),
        ('Pork belly', 'ABC Butchery', 13.90, 'Food'),
        ('Wagyu Beef', 'ABC Butchery', 25.90, 'Food'),
        ('Tom yum cup noodles', 'Nissin', 2.90, 'Food'), 
        ('Galaxy S11', 'Samsung', 1533, 'Phone'),
        ('Galaxy S12', 'Samsung',1888, 'Phone'),
        ('12-Inch Curve Television', 'LG', 999.9,'Television'),
        ('3.5mm Audio Jack', 'Audio Technical', 59, 'Accessories'),
        ('Tempered Glass Screen Protector', 'Spigen', 6.6, 'Accessories'),
        ('iPhone X Mobile Cover', 'Castify', 19.9, 'Accessories');

-- Inserting data into ProductInShop

INSERT INTO ProductInShop
VALUES  ('ABC001','Apple','iPhone X','Apple','0001', 1100, 100, 4.4, 231),
        ('DEF002','Apple','iPhone 11','Apple','0002', 1200, 100, 4.1, 200),
        ('GHI003','Apple','iPhone 13','Apple','0003', 1299, 100, 4.0, 122), 
        ('JKL004','Apple','iPhone 13 Pro','Apple','0004', 1399, 100, 3.7, 140),
        ('MNO005','Apple','Airpods Pro','Apple','0005', 539, 60, 4.5, 166),
        ('QRS006','Apple','iPad Air','Apple','0006', 1500, 120, 4.4, 100),
        ('TUV007','Apple','MacBook','Apple','0007', 1800, 130, 3.8, 113),
        ('XYZ008','Apple','iPhone XR','Apple','0008', 1299, 111, 3.9, 123),
        ('ARC001', 'Fly Buy', 'iPhone X', 'Apple','0001', 1099, 800, 4.2, 5),
        ('ARC002', 'Fly Buy', 'iPhone XR', 'Apple','0002', 1199, 950, 3.4, 11),
        ('APP001', 'Word Wide Wishes', 'Galaxy S11', 'Samsung', '0001', 50, 600, 4.5, 9),
        ('APP002', 'Word Wide Wishes', 'Galaxy S12', 'Samsung', '0002', 100, 750, 4.4, 39),
        ('APP003', 'Word Wide Wishes', 'iPhone X Mobile Cover', 'Castify', '0003', 40, 30,  NULL, 0),
        ('APM001', 'Authentic Shoppe', '12-Inch Curve Television', 'LG', '0001', 35, 396,  NULL, 0),
        ('APM002', 'Authentic Shoppe', 'iPhone X', 'Apple',' 0002', 100, 820, 3.7, 2),
        ('AFR011', 'Cybershop', 'Tempered Glass Screen Protector', 'Spigen', '0001', 50, 20,  NULL, 0),
        ('JYX666', 'Silver Creek', 'iPad Air', 'Apple', '0001', 100, 1200, 4.5, 1),
        ('JYX888', 'Silver Creek', 'Airpods Pro', 'Apple', '0002', 100, 600, 4.7, 3),
        ('MUY012', 'Abundance Sold Here', '3.5mm Audio Jack', 'Audio Technical', '0001', 100, 10, NULL, 0),
        ('MUY016', 'Abundance Sold Here', '12-Inch Curve Television', 'LG', '0002', 100, 420, 4.9, 1),
        ('MUA112', 'Widehaven', '12-Inch Curve Television', 'LG', '0001', 50, 350,  NULL, 0),
        ('MCK010', 'Directmart', 'iPhone X Mobile Cover', 'Castify', '0001', 100, 2, 5, 1),
        ('MCM001', 'Choose And Track', 'Galaxy S11', 'Samsung', '0001', 100, 650, 4.3, 17),
        ('MCM002', 'Choose And Track', '12-Inch Curve Television', 'LG', '0002', 70, 450, 3.4, 2),
        ('MQM001', 'Quail Hollow', 'Tempered Glass Screen Protector', 'Spigen', '0001', 20, 20, 5, 1),
        ('MQM011', 'Quail Hollow', 'iPad Air', 'Apple', '0002', 80, 1400,  NULL, 0),
        ('MCQ050', 'Abundance Sold Here','iPhone X', 'Apple', '0001', 300, 50, 4.1, 17),
        ('PPP001', 'Choose And Track','iPhone X', 'Apple', '0003', 250, 100,  NULL, 0),
        ('PDD250', 'Directmart','iPhone X', 'Apple', '0001', 400, 10, 3.5, 19);


-- Inserting data into Users

INSERT INTO Users
VALUES  ('1001', 'iamzczc'),
        ('1101', 'Angela123'),
        ('1102', '91Alpha'),
        ('1003', 'Blue_Sky'),
        ('1004', 'DanceMonkey'),
        ('1005', 'defeatfate'),
        ('1006', '00Biker'),
        ('1007', '7-Senses'),
        ('1108', 'Silver10Dragon'),
        ('1109', 'OliverPaterson1'),
        ('1110', 'Dancer_Cassie'),
        ('1111', 'Anna_Marie2009'),
        ('1112', 'Blade9'),
        ('1013', 'PoppyFlowers'),
        ('1014', 'HaperGonzalez2121'),
        ('1015', '662Finn'),
        ('1016', 'Nicolleeeeeee'),
        ('1017', 'Lorena_Rios_78'),
        ('1018', 'IdaJonesRosalind'),
        ('1019', '120Jazzzzmin'),
        ('1020','Beyonce Carver'),
        ('1030','Estelle Cross'),
        ('1201','Aamir Harmon'),
        ('1012','Jodi Burch'),
        ('1200','Kinga Miller'),
        ('1010','Jimmy Butler'),
        ('1105','Padraig Stephenson'),
        ('1100','Amaya Abott'),
        ('1039','Giannis Johnson'),
        ('1198','Peterson Cumberbatch'),
        ('1202', 'Teejay Mcfarlane'),
        ('1203', 'Norman Pruitt'),
        ('1204', 'Falak Baldwin'),
        ('1205', 'Hubert Medina'),
        ('1206', 'Liberty Buckley'),
        ('1207', 'Tazmin Hopkins'),
        ('1208', 'Fatma Bernal'),
        ('1209', 'Rafe Byrne'),
        ('1210', 'Ricky Rich'),
        ('1211', 'Madison Macleod'),
        ('1212', 'Zaara Molina'),
        ('1213', 'Emrys Bowes'),
        ('1214', 'Shona Whittle'),
        ('1215', 'Kaidan Salter'),
        ('1216', 'Betsy Sears'),
        ('1217', 'Charli Dawe'),
        ('1218', 'Jorgie Cotton'),
        ('1219', 'Charlotte Gomez'),
        ('1220', 'Keith Petty'),
        ('1221', 'Piers Quintana'),
        ('1222', 'Norma Fenton'),
        ('1223', 'Graeme Devlin'),
        ('1224', 'Edward Harding'),
        ('1225', 'Greyson Talley'),
        ('1226', 'Ty Head'),
        ('1227', 'Tracey Carter'),
        ('1228', 'Niamh Montes'),
        ('1229', 'Clarissa Fisher'),
        ('1230', 'Izabella Glover'),
        ('1231', 'Jackson Esparza'),
        ('1232', 'Montel Wallis'),
        ('1233', 'Kaira Cash'),
        ('1234', 'Anand Leigh'),
        ('1235', 'Sarah-Louise Hodson'),
        ('1236', 'Mohammod Kennedy'),
        ('1237', 'Natalia Partridge'),
        ('1238', 'Kieron Fischer'),
        ('1239', 'Kiri Crowther'),
        ('1240', 'Ciara Woodward'),
        ('1241', 'Rhianna Proctor'),
        ('1242', 'Todd Conner'),
        ('1243', 'Danielle Drew'),
        ('1244', 'Amelia-Mae Woodard'),
        ('1245', 'Cobie Hebert'),
        ('1246', 'Tegan Zamora'),
        ('1247', 'Elouise Dalby'),
        ('1248', 'Ronaldo Avila'),
        ('1249', 'Afsana Santos'),
        ('1250', 'Kaylan Humphreys'),
        ('1251', 'Karis Armitage'),
        ('1252', 'Ameena Moore'),
        ('1253', 'Giorgio Reid'),
        ('1254', 'Lorelei Hartman'),
        ('1255', 'Jennifer Thomson'),
        ('1256', 'Faiza Campbell'),
        ('1257', 'Sahara Curry'),
        ('1258', 'Allan Jarvis'),
        ('1259', 'Humayra Contreras'),
        ('1260', 'Renesmee Reynolds'),
        ('1261', 'Briana Knight'),
        ('1262', 'Winnie Rawlings'),
        ('1263', 'Jessie Barnes'),
        ('1264', 'Kishan Cairns'),
        ('1265', 'Adam Hassan'),
        ('1266', 'Anna-Marie Iles'),
        ('1267', 'Whitney Stafford'),
        ('1268', 'Blade Li'),
        ('1269', 'Manraj Esquivel'),
        ('1270', 'Poppy-Mae Massey'),
        ('1271', 'Onur Chester'),
        ('1272', 'Max Cameron'),
        ('1273', 'Yuvraj Hough'),
        ('1274', 'Chantelle Macdonald'),
        ('1275', 'Harper Gonzalez'),
        ('1276', 'Finn Ramirez'),
        ('1277', 'Tulisa Almond'),
        ('1278', 'Neelam Snyder'),
        ('1279', 'Otis Yoder'),
        ('1280', 'Maxim Rutledge'),
        ('1281', 'Jakob Harvey'),
        ('1282', 'Daniyal Mosley'),
        ('1283', 'Hamzah Curran'),
        ('1284', 'Finnian Blackburn'),
        ('1285', 'Rylee Madden'),
        ('1286', 'Nicolle Regan'),
        ('1287', 'Lenny Cisneros'),
        ('1288', 'Aiyla Sherman'),
        ('1289', 'Mallory Keller'),
        ('1290', 'Lorena Rios'),
        ('1291', 'Rosalind Nicholls'),
        ('1292', 'Ashraf Santiago'),
        ('1293', 'Dannielle Lawson'),
        ('1294', 'Lily-Ann Maddox'),
        ('1295', 'Harris Schneider'),
        ('1296', 'Noel Estes'),
        ('1297', 'Ida Jones'),
        ('1298', 'Ayaan Carrillo'),
        ('1299', 'Miya Cortez'),
        ('1300', 'Bertram Davies'),
        ('1301', 'Shanaya Higgs'),
        ('1302', 'Jazmin Calvert');

-- Inserting data into Employee 

INSERT INTO Employee
VALUES  ('0001', 'Megan', 7000),
        ('0002', 'Jeremy', 4500),
        ('0003', 'Li Ying', 5080),
        ('0004', 'Beyonce', 3500),
        ('0005', 'Estelle', 3030),
        ('0006', 'Aamir', 2300),
        ('0007', 'Kinga', 1700),
        ('0008', 'Jimmy', 1500),
        ('0009', 'Padraig', 2700),
        ('0010', 'Amaya', 5500),
        ('0011', 'Peterson', 4550),
        ('0012', 'Norman', 2500),
        ('0013', 'Graema', 6500),
        ('0014', 'Greyson', 3390),
        ('0015', 'Tracey', 2570),
        ('0016', 'Natalia', 2000),
        ('0017', 'Montel', 5990),
        ('0018', 'Kieron', 3210),
        ('0019', 'Ciara', 1290),
        ('0020', 'Mohammod', 1590),
        ('0021', 'Glover', 2100),
        ('0022', 'Harding', 2990),
        ('0023', 'Montes', 5780),
        ('0024', 'Danielle', 3490),
        ('0025','Jan Logan', 3500),
        ('0026','Joni Holman', 5500),
        ('0027','Anya Partridge', 8300),
        ('0028','Mohammed Cowan', 2500),
        ('0029','Sanjeev Erickson', 2000),
        ('0030','Paul Logan', 7000),
        ('0031','Zoya Kent', 12000),
        ('0032','Hana Singleton', 10000),
        ('0033','Yolanda Waller', 11000),
        ('0034','Lola-Mae Church', 1500);

-- Inserting data into PriceHistory

INSERT INTO PriceHistory
VALUES  ('ABC001', 1100, '2021-08-01'),
        ('ARC002', 1333, '2021-08-31'),
        ('MUY012', 283, '2021-12-04'), 
        ('MCM002', 81, '2021-05-15'), 
        ('DEF002', 1277, '2019-11-13'), 
        ('AFR011', 364, '2019-02-26'), 
        ('APP001', 574, '2021-08-06'), 
        ('MQM001', 216, '2021-01-26'), 
        ('PDD250', 290, '2021-08-03'), 
        ('MCM002', 740, '2021-08-23'), 
        ('QRS006', 1696, '2021-09-27'), 
        ('MUY016', 707, '2019-04-29'), 
        ('APP001', 154, '2021-08-27'), 
        ('JKL004', 1304, '2019-05-16'), 
        ('MCM001', 794, '2021-09-29'), 
        ('MUY012', 257, '2021-04-05'), 
        ('PDD250', 159, '2019-11-20'), 
        ('APM001', 199, '2019-08-11'), 
        ('AFR011', 400, '2021-01-24'), 
        ('ARC002', 1120, '2021-11-14'),
        ('MQM001', 344, '2019-06-22'), 
        ('MQM011', 1699, '2021-06-16'), 
        ('ABC001', 772, '2021-08-27'), 
        ('MQM001', 471, '2019-04-22'), 
        ('ARC002', 1212, '2021-06-02'), 
        ('GHI003', 1184, '2019-07-25'), 
        ('MCM002', 269, '2021-08-09'), 
        ('DEF002', 890, '2021-05-11'), 
        ('MUA112', 109, '2019-06-04'), 
        ('AFR011', 349, '2021-08-09'), 
        ('JKL004', 1791, '2019-12-05'), 
        ('ABC001', 1100, '2021-08-05'),
        ('DEF002', 1200, '2021-08-30'), 
        ('GHI003', 1299, '2021-08-06'), 
        ('JKL004', 1399, '2021-08-10'), 
        ('MNO005', 539, '2021-08-13'), 
        ('QRS006', 1500, '2021-08-11'), 
        ('TUV007', 1800, '2021-08-17'), 
        ('XYZ008', 1299, '2021-08-12'), 
        ('ARC001', 800, '2021-08-15'), 
        ('ARC002', 950, '2021-08-27'), 
        ('APP001', 600, '2021-08-17'), 
        ('APP002', 750, '2021-08-28'), 
        ('APP003', 30, '2021-08-02'), 
        ('APM001', 396, '2021-08-12'), 
        ('APM002', 820, '2021-08-09'), 
        ('AFR011', 20, '2021-08-23'), 
        ('JYX666', 1200, '2021-08-12'), 
        ('JYX888', 600, '2021-08-13'), 
        ('MUY012', 10, '2021-08-21'), 
        ('MUY016', 420, '2021-08-08'), 
        ('MUA112', 350, '2021-08-08'), 
        ('MCK010', 25, '2021-08-14'), 
        ('MCM001', 650, '2021-08-12'), 
        ('MCM002', 450, '2021-08-07'), 
        ('MQM001', 20, '2021-08-16'), 
        ('MQM011', 1400, '2021-08-14'), 
        ('MCQ050', 50, '2021-08-17'), 
        ('PPP001', 100, '2021-08-08'), 
        ('PDD250', 10, '2021-08-12');

-- Inserting data into Orders

INSERT INTO Orders
VALUES  ('7XMT90', '1001', 1200, '32 Nanyang Crescent, Singapore 637658', '2021-02-04 12:00:10'), 
        ('LZR52T', '1010', 128.8, 'Orchard Road,#03-48,Singapore 632759', '2021-01-23 23:39:20'), 
        ('KA8YA1', '1100', 3065.2, 'Jurong West,#10-1234, Singapore 647292', '2019-01-18 16:27:56'), 
        ('8JLCGT', '1201', 374.7, 'Nanyang Heights, Jurong East, Singapore 637658', '2021-02-14 00:49:12'), 
        ('GLDF1W', '1012', 2233.6, 'Pasir Ris,#06-111 Singapore 666777', '2021-05-26 15:09:01'), 
        ('ARMY37', '1202', 1577.1, 'Rock Creek Street Utica, NY', '2021-06-21 18:31:33'), 
        ('RTNU8H', '1204', 813.4, '475 Mill Rd. South El Monte, CA 91733', '2021-08-04 10:01:34'), 
        ('LGOKM2', '1206', 1394.6, '9926 Baker St. Dayton, OH 45420', '2021-03-03 20:11:03'), 
        ('LPQAV8', '1208', 2238.7, '464 Glen Eagles Ave. Kokomo, IND 46901', '2021-08-08 07:39:39'), 
        ('Q7TUEY', '1210', 478.7, '375 10th Street Palos Verdes Peninsula, CA 90274', '2021-07-24 10:59:13'), 
        ('CDLSIT', '1212', 1493.0, '7762 West Dunbar St. Millville, NJ 08332', '2021-07-01 08:21:12'), 
        ('CDG5NA', '1214', 2602.3, '115 East Greystone Rd. Leland, NC 28451', '2021-07-03 08:35:33'), 
        ('HX8EWH', '1216', 381.1, 'Huntley, IL 60142 7403 Charles Street', '2021-04-12 01:22:22'), 
        ('9DG3CO', '1218', 530.7, '54 Manchester Circle2 Rapid City, SD 57701', '2021-07-14 12:01:56'), 
        ('WG82LC', '1220', 1765.7, '8741 Bridge Drive Florence, SC 29501', '2021-08-09 19:41:23'), 
        ('WZJTSS', '1223', 3754.8, 'Pelham, AL 35124 8701 W. Green Hill Street', '2021-08-10 13:54:23'), 
        ('AP4TZK', '1225', 2335.1, 'Riverview, FL 33569 68 Smoky Hollow Street', '2021-08-17 01:10:45'), 
        ('07DGM1', '1227', 2070.9, '75 Clay Court Maineville, OH 45039', '2021-07-10 09:40:34'), 
        ('T64POQ', '1229', 1230.2, 'Williamstown, NJ 08094 423 East Race St.', '2021-07-09 01:10:45'), 
        ('4YG4TR', '1231', 1802.3, '504 Linda Ave. Rockaway, NJ 07866', '2021-02-14 06:48:22'), 
        ('NN2DCN', '1234', 1261.1, '9326 Thompson Street Colorado Springs, CO 80911', '2021-08-17 01:10:32'), 
        ('YCUHBR', '1236', 3170.3, '511 Marlborough Dr. Palm City, FL 34990', '2021-08-02 20:55:34'), 
        ('JO19G6', '1238', 2425.7, '11 53rd Street Groton, CT 06340', '2021-08-22 02:54:53'), 
        ('GPY0C9', '1242', 55.8, 'Windermere, FL 34786 7848 Hilldale Lane', '2021-06-01 17:11:34'), 
        ('42SNUM', '1244', 970.6, '664 Deerfield St. Scarsdale, NY 10583', '2021-08-09 06:07:56'), 
        ('RTKTIK', '1248', 2439.0, '7754 Hill Field St. Stratford, CT 06614', '2021-01-07 05:25:12'), 
        ('LF8KQC', '1250', 580.8, '35 Crescent St. Holbrook, NY 11741', '2021-04-10 23:53:34'), 
        ('TTHRNY', '1254', 2468.1, '9101 Ocean Drive West Roxbury, MA 02132', '2021-08-05 04:17:45'), 
        ('90ZXCT', '1256', 1447.3, '9529 Leeton Ridge Dr. Cockeysville, MD 21030', '2021-08-02 19:33:56'), 
        ('IBZ0LZ', '1259', 1356.1, '935 Rockland Lane Plattsburgh, NY 12901', '2021-05-10 04:17:32'), 
        ('9KINM3', '1262', 3471.8, '7144 S. Wayne Street Boca Raton, FL 33428', '2021-05-12 05:44:34'), 
        ('5R6T3Q', '1265', 348.5, '19 San Juan Ave. Bethlehem, PA 18015', '2021-08-01 19:11:12'), 
        ('BD41SH', '1267', 2740.1, '85 Bow Ridge Ave. Randallstown, MD 21133', '2021-08-02 21:11:39'), 
        ('7DZYP5', '1270', 3954.9, '488 Old Monroe Ave. Neenah, WI 54956', '2021-08-01 11:13:23'), 
        ('VNWCA6', '1274', 2070.7, '7086 Shipley St. Snohomish, WA 98290', '2021-08-03 13:27:34'), 
        ('7L4HE4', '1276', 2621.6, '9802 John Ave. Delray Beach, FL 33445', '2021-06-02 21:33:23'),
        ('S6874S', '1281', 850, '241 Lakewood St. New Bern, NC 28560', '2021-05-22 16:19:34'), 
        ('IVX072', '1284', 1130.4, '72 Beacon St. Hopewell, VA 23860', '2021-06-02 04:57:34'), 
        ('L6NWHH', '1289', 83.8, '44 Fairfield Dr. Mesa, AZ 85203', '2021-04-07 15:49:23'), 
        ('I2V867', '1293', 2928.6, '8111 Bald Hill Drive Santa Clara, CA 95050', '2021-01-26 13:44:23'), 
        ('WWSTH7', '1297', 3429.7, '838 Rock Creek Road Mansfield, MA 02048', '2021-01-28 13:44:45'), 
        ('ESAT5W', '1301', 3500.9, '847 Pennington St. Wyoming, MI 49509', '2021-04-26 23:34:53'), 
        ('GA3QC3', '1010', 1271.6, 'Orchard Road,#03-48,Singapore 632759', '2021-01-23 23:39:20'), 
        ('P57E11', '1201', 782.2, 'Nanyang Heights, Jurong East, Singapore 637658', '2021-02-14 00:49:12'), 
        ('MLNI3B', '1202', 363.9, 'Rock Creek Street Utica, NY', '2021-06-01 18:31:33'), 
        ('9M05BB', '1206', 672.7, '9926 Baker St. Dayton, OH 45420', '2021-03-03 20:11:03'), 
        ('B47LEV', '1210', 2236.1, '375 10th Street Palos Verdes Peninsula, CA 90274', '2021-07-24 10:59:13'),
         ('I7FTX1', '1214', 2773.5, '115 East Greystone Rd. Leland, NC 28451', '2021-07-03 08:35:33'), 
         ('FD5I2J', '1218', 100.0, '54 Manchester Circle2 Rapid City, SD 57701', '2021-07-14 12:01:56'), 
         ('1OP1TT', '1223', 801.3, 'Pelham, AL 35124 8701 W. Green Hill Street', '2021-08-10 13:54:23'), 
         ('JA7E2I', '1227', 3847.4, '75 Clay Court Maineville, OH 45039', '2021-07-10 09:40:34'), 
         ('RKI9TP', '1231', 3802.5, '504 Linda Ave. Rockaway, NJ 07866', '2021-02-14 06:48:22'), 
         ('L11P2D', '1236', 185.2, '511 Marlborough Dr. Palm City, FL 34990', '2021-08-02 20:55:34'), 
         ('CJZ3O5', '1242', 904.2, 'Windermere, FL 34786 7848 Hilldale Lane', '2021-06-04 17:11:34'), 
         ('9TSMNR', '1248', 237.1, '7754 Hill Field St. Stratford, CT 06614', '2021-01-07 05:25:12'), 
         ('HHFH2C', '1254', 1970.2, '9101 Ocean Drive West Roxbury, MA 02132', '2021-08-05 04:17:45'), 
         ('ZH7HB3', '1259', 2636.9, '935 Rockland Lane Plattsburgh, NY 12901', '2021-05-10 04:17:32'), 
         ('YQL6U0', '1265', 2803.3, '19 San Juan Ave. Bethlehem, PA 18015', '2021-08-01 19:11:12'), 
         ('UCR6HE', '1270', 1411.5, '488 Old Monroe Ave. Neenah, WI 54956', '2021-08-01 11:13:23'), 
         ('G351ZE', '1276', 1349.5, '9802 John Ave. Delray Beach, FL 33445', '2021-06-01 21:33:23'), 
         ('XDZ3SM', '1284', 3616.8, '72 Beacon St. Hopewell, VA 23860', '2021-06-02 04:57:34'), 
         ('9WEMNB', '1293', 2065.2, '8111 Bald Hill Drive Santa Clara, CA 95050', '2021-01-26 13:44:23'), 
         ('BIB2YK', '1301', 1276.9, '847 Pennington St. Wyoming, MI 49509', '2021-04-26 23:34:53'), 
         ('0VXTOE', '1201', 101.0, 'Nanyang Heights, Jurong East, Singapore 637658', '2021-02-14 00:49:12'), 
         ('TOXOZN', '1206', 37.6, '9926 Baker St. Dayton, OH 45420', '2021-03-03 20:11:03'),
        ('2ZTG8I', '1214', 1912.2, '115 East Greystone Rd. Leland, NC 28451', '2021-07-03 08:35:33'), 
        ('U0P4DX', '1223', 238.9, 'Pelham, AL 35124 8701 W. Green Hill Street', '2021-08-10 13:54:23'), 
        ('IUDGPT', '1231', 2392.6, '504 Linda Ave. Rockaway, NJ 07866', '2021-02-14 06:48:22'), 
        ('S9X8G7', '1242', 581.1, 'Windermere, FL 34786 7848 Hilldale Lane', '2021-06-04 17:11:34'), 
        ('XA57SQ', '1254', 769.8, '9101 Ocean Drive West Roxbury, MA 02132', '2021-08-05 04:17:45'), 
        ('IC153D', '1265', 643.0, '19 San Juan Ave. Bethlehem, PA 18+015', '2021-08-01 19:11:12'), 
        ('K7M67B', '1276', 3036.9, '9802 John Ave. Delray Beach, FL 33445', '2021-06-03 21:33:23'), 
        ('6C0592', '1293', 3338.5, '8111 Bald Hill Drive Santa Clara, CA 95050', '2021-01-26 13:44:23'), 
        ('OQNOTD', '1201', 1092.2, 'Nanyang Heights, Jurong East, Singapore 637658', '2021-02-14 00:49:12'), 
        ('G82D9D', '1214', 1720.0, '115 East Greystone Rd. Leland, NC 28451', '2021-07-03 08:35:33'), 
        ('GQJR3S', '1231', 385.8, '504 Linda Ave. Rockaway, NJ 07866', '2021-02-14 06:48:22'), 
        ('9UI0XR', '1254', 351.0, '9101 Ocean Drive West Roxbury, MA 02132', '2021-08-05 04:17:45'), 
        ('U4QN6E', '1276', 3781.7, '9802 John Ave. Delray Beach, FL 33445', '2021-06-02 21:33:23'), 
        ('1P4LCE', '1201', 2950.1, 'Nanyang Heights, Jurong East, Singapore 637658', '2021-02-14 00:49:12'), 
        ('OZWMW1', '1231', 1152.3, '504 Linda Ave. Rockaway, NJ 07866', '2021-02-14 06:48:22'), 
        ('2RW4TK', '1276', 1416.0, '9802 John Ave. Delray Beach, FL 33445', '2021-06-03 21:33:23'), 
        ('0X05FP', '1231', 3309.6, '504 Linda Ave. Rockaway, NJ 07866', '2021-02-14 06:48:22'), 
        ('EEOZ69', '1231', 3468.9, '504 Linda Ave. Rockaway, NJ 07866', '2021-02-14 06:48:22'),
        ('ENPR96', '1110', 20, '52778 Bosco Court, Suite 088, 93427-5414, Koelpinton, Minnesota, United States', '2021-07-11 05:10:37') ,
        ('J46KO3', '1291', 100, '933 Cathrine Circle, Apt. 493, 45017, Port Ludieland, Utah, United States', '2021-07-31 04:52:50') ,
        ('QXDNQD', '1283', 50, '8128 Jerome Glens, Apt. 105, 60820, Adrielhaven, Washington, United States', '2021-05-11 00:37:41') ,
        ('8FTVMN', '1260', 1800, ' 1962 Maudie Neck, Suite 756, 57614, South Rowena, Minnesota, United States', '2021-05-10 07:28:14') ,
        ('YSQUS0', '1208', 40, '052 Spencer Rue, Apt. 901, 91331, East Elias, Utah, United States', '2021-05-26 23:29:13') ,
        ('4WZ41T', '1298', 1500, '463 Howell Views, Apt. 942, 15314, North Monroe, Virginia, United States', '2021-08-20 13:52:17') ,
        ('YT2W5Q', '1202', 100, ' 1962 Maudie Neck, Suite 756, 57614, South Rowena, Minnesota, United States', '2021-06-29 19:33:48') ,
        ('787PV0', '1274', 1200, '135 Huels Springs, Apt. 649, 19544-9142, Rettaport, Montana, United States', '2021-08-19 22:52:41') ,
        ('O0JYT2', '1298', 50, ' 077 Jeffery Corner, Apt. 847, 16330-8183, Bahringermouth, Illinois, United States', '2021-05-30 22:16:06') ,
        ('1PNUM0', '1299', 100, '8224 Bernice Grove, Apt. 173, 20488, East Websterbury, Utah, United States', '2021-08-28 09:39:12') ,
        ('Z03VFR', '1290', 1299, '8128 Jerome Glens, Apt. 105, 60820, Adrielhaven, Washington, United States', '2021-08-06 15:47:24') ,
        ('5N9U69', '1276', 1299, '135 Huels Springs, Apt. 649, 19544-9142, Rettaport, Montana, United States', '2021-05-21 00:07:13') ,
        ('GAVJR6', '1246', 50, '135 Huels Springs, Apt. 649, 19544-9142, Rettaport, Montana, United States', '2021-05-11 15:25:50') ,
        ('M4JW96', '1201', 1800, ' 1962 Maudie Neck, Suite 756, 57614, South Rowena, Minnesota, United States', '2021-06-10 13:32:03') ,
        ('RLWIPX', '1286', 1100, '8224 Bernice Grove, Apt. 173, 20488, East Websterbury, Utah, United States', '2021-06-18 21:41:10') ,
        ('D2Z48T', '1272', 1099, '052 Spencer Rue, Apt. 901, 91331, East Elias, Utah, United States', '2021-08-13 10:24:25') ,
        ('A09T8N', '1256', 100, '13108 Wolf Harbors, Apt. 114, 82383-7805, West Asha, Rhode Island, United States', '2021-06-06 19:26:21') ,
        ('KBV5SK', '1202', 80, '52778 Bosco Court, Suite 088, 93427-5414, Koelpinton, Minnesota, United States', '2021-07-24 11:11:40') ,
        ('3PSM8R', '1230', 40, ' 077 Jeffery Corner, Apt. 847, 16330-8183, Bahringermouth, Illinois, United States', '2021-08-12 20:04:24') ,
        ('T2WRNU', '1282', 100, '65369 Treutel Creek, Suite 508, 21932-5676, Lake Maye, Oklahoma, United States', '2021-07-08 07:58:08') ,
        ('A8BADT', '1229', 300, '5732 Danielle Haven, Suite 377, 92580-8337, East Vada, Utah, United States', '2021-05-18 17:44:39') ,
        ('KWR1RU', '1231', 100, '252 Kiana Shores, Suite 353, 12752-6077, New Cleohaven, Wisconsin, United States', '2021-08-26 06:40:36') ,
        ('OIJ6K2', '1217', 539, '933 Cathrine Circle, Apt. 493, 45017, Port Ludieland, Utah, United States', '2021-07-28 10:30:54') ,
        ('AFJ0C9', '1110', 35, '8224 Bernice Grove, Apt. 173, 20488, East Websterbury, Utah, United States', '2021-07-26 02:14:32') ,
        ('NVMT55', '1245', 100, '8128 Jerome Glens, Apt. 105, 60820, Adrielhaven, Washington, United States', '2021-05-31 08:28:59') ,
        ('QXVOGL', '1230', 100, '933 Cathrine Circle, Apt. 493, 45017, Port Ludieland, Utah, United States', '2021-05-29 03:30:56') ,
        ('63SMSU', '1290', 50, '135 Huels Springs, Apt. 649, 19544-9142, Rettaport, Montana, United States', '2021-06-02 16:46:33') ,
        ('DRUMG1', '1004', 20, '1703 Fay Cliffs, Suite 225, 99517-2551, Port Dejuanborough, Vermont, United States', '2021-06-16 11:23:43') ,
        ('B4PR7K', '1245', 20, '32971 Abdul Plain, Apt. 914, 85983-5246, Raemouth, Nebraska, United States', '2021-07-08 15:08:47') ,
        ('N5WMMI', '1112', 50, '463 Howell Views, Apt. 942, 15314, North Monroe, Virginia, United States', '2021-05-10 20:40:12') ,
        ('S3C2I5', '1225', 50, '933 Cathrine Circle, Apt. 493, 45017, Port Ludieland, Utah, United States', '2021-08-09 09:57:19') ,
        ('HYG04P', '1275', 100, '52778 Bosco Court, Suite 088, 93427-5414, Koelpinton, Minnesota, United States', '2021-06-29 18:23:12') ,
        ('O6P2T9', '1215', 1200, ' 1962 Maudie Neck, Suite 756, 57614, South Rowena, Minnesota, United States', '2021-08-05 06:45:00') ,
        ('JTPVU2', '1283', 100, ' 1962 Maudie Neck, Suite 756, 57614, South Rowena, Minnesota, United States', '2021-08-13 12:56:50') ,
        ('YNTA9N', '1282', 250, '463 Howell Views, Apt. 942, 15314, North Monroe, Virginia, United States', '2021-08-15 23:39:03') ,
        ('OT3A8S', '1235', 20, '1703 Fay Cliffs, Suite 225, 99517-2551, Port Dejuanborough, Vermont, United States', '2021-05-25 18:43:18') ,
        ('0B7DQG', '1272', 20, '8128 Jerome Glens, Apt. 105, 60820, Adrielhaven, Washington, United States', '2021-06-01 18:53:14') ,
        ('1E2S22', '1212', 1200, '9624 Fritsch Loop, Suite 599, 71885, Bruenborough, Illinois, United States', '2021-06-09 20:43:37') ,
        ('Z78HXR', '1238', 50, '9624 Fritsch Loop, Suite 599, 71885, Bruenborough, Illinois, United States', '2021-07-22 16:14:06') ,
        ('QBINK9', '1245', 300, '52778 Bosco Court, Suite 088, 93427-5414, Koelpinton, Minnesota, United States', '2021-07-31 05:23:26') ,
        ('3NDQBU', '1273', 50, '65369 Treutel Creek, Suite 508, 21932-5676, Lake Maye, Oklahoma, United States', '2021-06-09 03:32:25') ,
        ('JGAV6S', '1232', 1099, '5732 Danielle Haven, Suite 377, 92580-8337, East Vada, Utah, United States', '2021-08-27 18:52:58') ,
        ('CSSKJ5', '1248', 100, '135 Huels Springs, Apt. 649, 19544-9142, Rettaport, Montana, United States', '2021-07-07 07:51:24') ,
        ('NNTORR', '1101', 1200, '933 Cathrine Circle, Apt. 493, 45017, Port Ludieland, Utah, United States', '2021-07-16 02:24:44') ,
        ('MTC3UR', '1012', 250, '5472 Rachelle Islands, Apt. 548, 47139, North Amandahaven, Michigan, United States', '2021-08-26 07:31:16') ,
        ('6321WX', '1277', 100, ' 077 Jeffery Corner, Apt. 847, 16330-8183, Bahringermouth, Illinois, United States', '2021-08-02 09:52:21') ,
        ('IWG5CE', '1015', 100, ' 1962 Maudie Neck, Suite 756, 57614, South Rowena, Minnesota, United States', '2021-06-06 01:37:23') ,
        ('W538KM', '1207', 40, '5732 Danielle Haven, Suite 377, 92580-8337, East Vada, Utah, United States', '2021-06-30 10:41:53') ,
        ('1JTG0G', '1262', 300, ' 1962 Maudie Neck, Suite 756, 57614, South Rowena, Minnesota, United States', '2021-08-23 11:00:39') ,
        ('PJ7K2T', '1288', 1800, ' 077 Jeffery Corner, Apt. 847, 16330-8183, Bahringermouth, Illinois, United States', '2021-05-31 20:20:49') ,
        ('72S8JP', '1218', 50, '9624 Fritsch Loop, Suite 599, 71885, Bruenborough, Illinois, United States', '2021-05-14 21:16:28') ,
        ('ALD4AG', '1258', 1200, '1703 Fay Cliffs, Suite 225, 99517-2551, Port Dejuanborough, Vermont, United States', '2021-06-02 18:41:07') ,
        ('RF6LT9', '1233', 539, '8128 Jerome Glens, Apt. 105, 60820, Adrielhaven, Washington, United States', '2021-06-12 11:07:30') ,
        ('PKQ2Q6', '1260', 100, '65369 Treutel Creek, Suite 508, 21932-5676, Lake Maye, Oklahoma, United States', '2021-05-06 07:44:10') ,
        ('CH81XE', '1239', 1200, '8224 Bernice Grove, Apt. 173, 20488, East Websterbury, Utah, United States', '2021-06-11 17:08:06') ,
        ('0PXHP3', '1221', 100, '9624 Fritsch Loop, Suite 599, 71885, Bruenborough, Illinois, United States', '2021-07-27 02:43:19') ,
        ('FU6478', '1010', 40, '7848 Mustafa Camp, Apt. 891, 38249, McCulloughside, Iowa, United States', '2021-05-11 21:44:01') ,
        ('R0BHYC', '1218', 100, ' 077 Jeffery Corner, Apt. 847, 16330-8183, Bahringermouth, Illinois, United States', '2021-07-31 13:46:02') ,
        ('FWVV34', '1007', 1200, '8128 Jerome Glens, Apt. 105, 60820, Adrielhaven, Washington, United States', '2021-08-25 13:49:44') ,
        ('20E80B', '1207', 1500, '8224 Bernice Grove, Apt. 173, 20488, East Websterbury, Utah, United States', '2021-06-12 06:13:49') ,
        ('IU2H3E', '1247', 35, '32971 Abdul Plain, Apt. 914, 85983-5246, Raemouth, Nebraska, United States', '2021-06-15 00:53:57') ,
        ('PMWG81', '1019', 1100, '7848 Mustafa Camp, Apt. 891, 38249, McCulloughside, Iowa, United States', '2021-08-19 21:49:40') ,
        ('6T4WAL', '1266', 100, '13108 Wolf Harbors, Apt. 114, 82383-7805, West Asha, Rhode Island, United States', '2021-07-20 19:02:12') ,
        ('B8QBBQ', '1101', 1299, '933 Cathrine Circle, Apt. 493, 45017, Port Ludieland, Utah, United States', '2021-06-21 10:07:26') ,
        ('OWPU3H', '1242', 100, '52778 Bosco Court, Suite 088, 93427-5414, Koelpinton, Minnesota, United States', '2021-05-20 23:07:04') ,
        ('LSUYCV', '1287', 100, '52778 Bosco Court, Suite 088, 93427-5414, Koelpinton, Minnesota, United States', '2021-06-12 17:50:03') ,
        ('ZJVIM9', '1253', 400, ' 077 Jeffery Corner, Apt. 847, 16330-8183, Bahringermouth, Illinois, United States', '2021-05-17 04:59:22') ,
        ('ZHB9PM', '1244', 100, '52778 Bosco Court, Suite 088, 93427-5414, Koelpinton, Minnesota, United States', '2021-08-14 08:54:06') ,
        ('JFNMRK', '1209', 50, '93629 Powlowski Fall, Suite 486, 10603-9853, Port Wilton, Pennsylvania, United States', '2021-07-28 20:56:15') ,
        ('RB7M31', '1247', 100, '463 Howell Views, Apt. 942, 15314, North Monroe, Virginia, United States', '2021-06-05 03:24:42') ,
        ('3SWE7Z', '1257', 50, '7848 Mustafa Camp, Apt. 891, 38249, McCulloughside, Iowa, United States', '2021-08-14 13:41:09') ,
        ('HEGR2I', '1275', 1399, '252 Kiana Shores, Suite 353, 12752-6077, New Cleohaven, Wisconsin, United States', '2021-06-03 03:16:05') ,
        ('FOWWP7', '1018', 50, '65369 Treutel Creek, Suite 508, 21932-5676, Lake Maye, Oklahoma, United States', '2021-06-19 07:49:35') ,
        ('XG2IF8', '1207', 1800, '9624 Fritsch Loop, Suite 599, 71885, Bruenborough, Illinois, United States', '2021-05-25 11:25:23') ,
        ('3D8IKZ', '1003', 1399, '93629 Powlowski Fall, Suite 486, 10603-9853, Port Wilton, Pennsylvania, United States', '2021-06-07 03:06:28') ,
        ('8323FG', '1017', 100, '135 Huels Springs, Apt. 649, 19544-9142, Rettaport, Montana, United States', '2021-06-21 11:58:19') ,
        ('UMHWMF', '1112', 1800, '5732 Danielle Haven, Suite 377, 92580-8337, East Vada, Utah, United States', '2021-05-07 07:19:14') ,
        ('IEC3UK', '1232', 20, '5472 Rachelle Islands, Apt. 548, 47139, North Amandahaven, Michigan, United States', '2021-06-05 19:45:45') ,
        ('M9O2ZR', '1233', 100, '8128 Jerome Glens, Apt. 105, 60820, Adrielhaven, Washington, United States', '2021-05-18 19:45:16') ,
        ('GVHGRO', '1265', 1800, '252 Kiana Shores, Suite 353, 12752-6077, New Cleohaven, Wisconsin, United States', '2021-05-19 14:29:05') ,
        ('22X8WQ', '1209', 1100, '52778 Bosco Court, Suite 088, 93427-5414, Koelpinton, Minnesota, United States', '2021-05-21 13:41:19') ,
        ('V76T9K', '1108', 1500, '9624 Fritsch Loop, Suite 599, 71885, Bruenborough, Illinois, United States', '2021-06-09 01:36:21') ,
        ('SS7ZPK', '1218', 1399, '252 Kiana Shores, Suite 353, 12752-6077, New Cleohaven, Wisconsin, United States', '2021-05-20 18:25:32') ,
        ('EEIRU3', '1293', 50, '13108 Wolf Harbors, Apt. 114, 82383-7805, West Asha, Rhode Island, United States', '2021-06-15 16:36:04') ,
        ('PKZ38A', '1281', 1500, '5732 Danielle Haven, Suite 377, 92580-8337, East Vada, Utah, United States', '2021-06-28 03:14:53') ,
        ('F7DKIP', '1241', 100, ' 077 Jeffery Corner, Apt. 847, 16330-8183, Bahringermouth, Illinois, United States', '2021-07-25 11:42:53') ,
        ('3VKSZH', '1296', 70, '52778 Bosco Court, Suite 088, 93427-5414, Koelpinton, Minnesota, United States', '2021-08-22 22:25:48') ,
        ('LJH6TB', '1221', 1200, '93629 Powlowski Fall, Suite 486, 10603-9853, Port Wilton, Pennsylvania, United States', '2021-08-23 16:17:48') ,
        ('HFWS26', '1101', 400, '7848 Mustafa Camp, Apt. 891, 38249, McCulloughside, Iowa, United States', '2021-06-16 19:21:38') ,
        ('WVKSUV', '1112', 100, '9624 Fritsch Loop, Suite 599, 71885, Bruenborough, Illinois, United States', '2021-08-02 06:35:37') ,
        ('QI6BF3', '1213', 1500, '93629 Powlowski Fall, Suite 486, 10603-9853, Port Wilton, Pennsylvania, United States', '2021-06-10 01:41:03') ,
        ('946WIS', '1268', 80, '052 Spencer Rue, Apt. 901, 91331, East Elias, Utah, United States', '2021-06-25 07:35:19') ,
        ('NEP3Q1', '1110', 100, '8224 Bernice Grove, Apt. 173, 20488, East Websterbury, Utah, United States', '2021-06-10 11:55:14') ,
        ('UM4910', '1223', 1299, '7848 Mustafa Camp, Apt. 891, 38249, McCulloughside, Iowa, United States', '2021-05-11 16:21:45') ,
        ('LJIB4L', '1278', 300, '8224 Bernice Grove, Apt. 173, 20488, East Websterbury, Utah, United States', '2021-08-28 19:40:23') ,
        ('VW89LG', '1105', 35, '135 Huels Springs, Apt. 649, 19544-9142, Rettaport, Montana, United States', '2021-08-02 08:41:33') ,
        ('ME1VGN', '1212', 100, '5472 Rachelle Islands, Apt. 548, 47139, North Amandahaven, Michigan, United States', '2021-07-21 15:57:58') ,
        ('1QM2EM', '1006', 1199, '933 Cathrine Circle, Apt. 493, 45017, Port Ludieland, Utah, United States', '2021-05-16 13:36:11') ,
        ('W8GNUI', '1284', 50, '135 Huels Springs, Apt. 649, 19544-9142, Rettaport, Montana, United States', '2021-07-25 13:21:12') ,
        ('E47UVA', '1299', 1399, '32971 Abdul Plain, Apt. 914, 85983-5246, Raemouth, Nebraska, United States', '2021-08-13 13:38:06') ,
        ('WIWQSY', '1262', 100, '135 Huels Springs, Apt. 649, 19544-9142, Rettaport, Montana, United States', '2021-06-10 20:39:07') ,
        ('SOVUVZ', '1288', 100, '252 Kiana Shores, Suite 353, 12752-6077, New Cleohaven, Wisconsin, United States', '2021-06-30 08:46:17') ,
        ('IIQBOC', '1265', 80, '883 Tierra Heights, Suite 728, 07560, Ratkefurt, North Dakota, United States', '2021-06-06 12:46:18') ,
        ('EHMBV1', '1013', 1100, '252 Kiana Shores, Suite 353, 12752-6077, New Cleohaven, Wisconsin, United States', '2021-07-18 02:17:40') ,
        ('HGCPR5', '1204', 100, '5472 Rachelle Islands, Apt. 548, 47139, North Amandahaven, Michigan, United States', '2021-06-02 02:47:47') ,
        ('VZSRJO', '1226', 300, '32971 Abdul Plain, Apt. 914, 85983-5246, Raemouth, Nebraska, United States', '2021-08-14 23:15:47') ,
        ('I9DCCB', '1247', 1800, '9624 Fritsch Loop, Suite 599, 71885, Bruenborough, Illinois, United States', '2021-08-30 11:20:35') ,
        ('C2J0IP', '1231', 40, '9624 Fritsch Loop, Suite 599, 71885, Bruenborough, Illinois, United States', '2021-05-25 20:24:12') ,
        ('84CHCJ', '1248', 1100, '252 Kiana Shores, Suite 353, 12752-6077, New Cleohaven, Wisconsin, United States', '2021-06-03 09:05:47') ,
        ('MJ1N90', '1264', 1200, '93629 Powlowski Fall, Suite 486, 10603-9853, Port Wilton, Pennsylvania, United States', '2021-08-19 06:21:42') ,
        ('YIK0SU', '1110', 35, '65369 Treutel Creek, Suite 508, 21932-5676, Lake Maye, Oklahoma, United States', '2021-06-11 06:45:23'),
        ('ABCDEF', '1001', 128.8, 'Hall of Residence 14, NTU, Singapore', '2021-08-19 06:21:42'),
        ('ABCDEG', '1001', 1900, 'Hall of Residence 14, NTU, Singapore', '2021-08-17 06:21:42'),
        ('ABCDEH', '1001', 19, 'Hall of Residence 14, NTU, Singapore', '2021-08-11 06:21:42'),
        ('ABCDEI', '1001', 199, 'Hall of Residence 14, NTU, Singapore', '2021-08-21 06:21:42'),
        ('0BCDEF', '1007', 121, 'Hall of Residence 3, NTU, Singapore', '2021-08-20 06:21:42'),
        ('1BCDEG', '1007', 190, 'Hall of Residence 3, NTU, Singapore', '2021-08-16 06:21:42'),
        ('2BCDEH', '1007', 19, 'Hall of Residence 3, NTU, Singapore', '2021-08-10 06:21:42'),
        ('3BCDEI', '1007', 199, 'Hall of Residence 3, NTU, Singapore', '2021-08-20 06:21:42');
        
-- Inserting data into OrderItem

INSERT INTO OrderItem
VALUES  ('MCK010', '0BCDEF', 1, 12, 1, 'being processed', NULL, NULL),
        ('JYX666', '0BCDEF', 2, 123.2, 1, 'being processed', NULL, NULL),
        ('PPP001', '0BCDEF', 3, 19.9, 1, 'being processed', NULL, NULL),
        ('JYX888', '0BCDEF', 4, 19.9, 1, 'being processed', NULL, NULL),
        ('MCK010', '1BCDEG', 1, 12, 1, 'being processed', NULL, NULL),
        ('JYX666', '1BCDEG', 2, 123.2, 1, 'being processed', NULL, NULL),
        ('JYX888', '1BCDEG', 3, 19.9, 1, 'being processed', NULL, NULL),
        ('PDD250', '1BCDEG', 4, 19.9, 1, 'being processed', NULL, NULL),
        ('MCK010', '2BCDEH', 1, 12, 1, 'being processed', NULL, NULL),
        ('APM001', '2BCDEH', 2, 123.2, 1, 'being processed', NULL, NULL),
        ('PPP001', '2BCDEH', 3, 19.9, 1, 'being processed', NULL, NULL),
        ('JYX888', '2BCDEH', 4, 19.9, 1, 'being processed', NULL, NULL),
        ('JYX888', '3BCDEI', 1, 12, 1, 'being processed', NULL, NULL),
        ('JYX666', '3BCDEI', 2, 123.2, 1, 'being processed', NULL, NULL),
        ('PPP001', '3BCDEI', 3, 19.9, 1, 'being processed', NULL, NULL),
        ('PDD250', '3BCDEI', 4, 19.9, 1, 'being processed', NULL, NULL),
        ('MCK010', 'ABCDEF', 2, 123, 1, 'being processed', NULL, NULL),
        ('JYX666', 'ABCDEF', 1, 1234, 1, 'being processed', NULL, NULL),
        ('PPP001', 'ABCDEF', 3, 12, 1, 'being processed', NULL, NULL),
        ('APM001', 'ABCDEF', 4, 10, 1, 'being processed', NULL, NULL),
        ('MQM001', 'ABCDEF', 5, 120, 1, 'being processed', NULL, NULL),
        ('JYX666', 'ABCDEG', 1, 1900, 10, 'being processed', NULL, NULL),
        ('MCK010', 'ABCDEG', 2, 19, 1, 'being processed', NULL, NULL),
        ('PPP001', 'ABCDEG', 3, 12, 1, 'being processed', NULL, NULL),
        ('APM001', 'ABCDEG', 4, 10, 1, 'being processed', NULL, NULL),
        ('MQM001', 'ABCDEG', 5, 120, 1, 'being processed', NULL, NULL),
        ('JYX666', 'ABCDEH', 1, 125, 1, 'being processed', NULL, NULL),
        ('MCK010', 'ABCDEH', 2, 12, 1, 'being processed', NULL, NULL),
        ('PPP001', 'ABCDEH', 3, 12, 1, 'being processed', NULL, NULL),
        ('APM001', 'ABCDEH', 4, 10, 1, 'being processed', NULL, NULL),
        ('MQM001', 'ABCDEH', 5, 120, 1, 'being processed', NULL, NULL),
        ('JYX888', 'ABCDEI', 1, 188, 1, 'being processed', NULL, NULL),
        ('ABC001','7XMT90', 1, 1100, 1, 'delivered', '2021-02-15  00:11:37', '2021-02-19 05:11:37'),
        ('MUY016', 'S6874S', 1, 420, 2, 'delivered', '2021-05-22 19:19:34', '2021-05-24 16:19:34'), 
        ('MCQ050', 'JO19G6', 1, 50, 2, 'shipped', '2021-08-23 02:54:53', NULL), 
        ('DEF002', 'GPY0C9', 1, 1200, 3, 'shipped', '2021-06-14 17:11:34', NULL), 
        ('APP003', '7L4HE4', 1, 30, 2, 'delivered', '2021-06-07 23:33:23', '2021-06-10 21:33:23'), 
        ('JKL004', 'U4QN6E', 1, 1399, 5, 'being processed', NULL, NULL), 
        ('JYX666', 'FD5I2J', 1, 1200, 1, 'being processed', NULL, NULL), 
        ('ARC002', 'IC153D', 1, 950, 3, 'shipped', '2021-08-04 19:11:12', NULL), 
        ('APP001', '7L4HE4', 2, 600, 3, 'delivered', '2021-06-08 21:33:23', '2021-06-09 21:33:23'), 
        ('MCK010', 'YQL6U0', 1, 25, 2, 'delivered', '2021-08-02 19:11:12', '2021-08-04 19:11:12'), 
        ('JYX888', '0X05FP', 1, 600, 5, 'being processed', NULL, NULL), 
        ('ARC002', '0X05FP', 2, 950, 4, 'being processed', NULL, NULL), 
        ('MCQ050', 'NN2DCN', 1, 50, 1, 'being processed', NULL, NULL), 
        ('AFR011', 'VNWCA6', 1, 20, 4, 'delivered', '2021-08-03 22:27:34', '2021-08-04 13:27:34'), 
        ('PDD250', 'CJZ3O5', 1, 10, 3, 'being processed', NULL, NULL),
        ('QRS006', 'IC153D', 2, 1500, 2, 'being processed', NULL, NULL), 
        ('ABC001', 'CJZ3O5', 2, 1100, 1, 'being processed', NULL, NULL), 
        ('AFR011', 'CJZ3O5', 3, 20, 1, 'being processed', NULL, NULL), 
        ('JYX666', 'CDG5NA', 1, 1200, 5, 'shipped', '2021-07-03 09:35:33', NULL), 
        ('MCK010', 'U4QN6E', 2, 25, 2, 'being processed', NULL, NULL), 
        ('MCQ050', 'GPY0C9', 2, 50, 3, 'delivered', '2021-06-14 18:11:34', '2021-06-19 17:11:34'),
        ('MQM001', 'ENPR96', 1, 20, 3, 'delivered', '2021-06-07 15:14:19', '2021-06-09 15:14:19') ,
        ('APM002', 'J46KO3', 1, 100, 3, 'being processed', NULL, NULL) ,
        ('APP001', 'QXDNQD', 1, 50, 3, 'shipped', '2021-05-24 10:52:08', NULL) ,
        ('TUV007', '8FTVMN', 1, 1800, 4, 'shipped', '2021-05-16 04:03:21', NULL) ,
        ('APP003', 'YSQUS0', 1, 40, 5, 'being processed', NULL, NULL) ,
        ('QRS006', '4WZ41T', 1, 1500, 2, 'being processed',NULL, NULL) ,
        ('MCK010', 'YT2W5Q', 1, 100, 3, 'delivered', '2021-08-17 00:13:09', '2021-08-19 00:13:09') ,
        ('DEF002', '787PV0', 1, 1200, 4, 'shipped', '2021-06-09 10:08:32', NULL) ,
        ('APP001', 'O0JYT2', 1, 50, 2, 'being processed', NULL, NULL) ,
        ('MUY016', '1PNUM0', 1, 100, 1, 'delivered', '2021-07-31 13:57:54', '2021-08-02 13:57:54') ,
        ('XYZ008', 'Z03VFR', 1, 1299, 2, 'delivered', '2021-08-23 14:55:06', '2021-08-25 14:55:06') ,
        ('XYZ008', '5N9U69', 1, 1299, 3, 'delivered', '2021-08-07 09:17:24', '2021-08-09 09:17:24') ,
        ('APP001', 'GAVJR6', 1, 50, 2, 'being processed', NULL, NULL) ,
        ('TUV007', 'M4JW96', 1, 1800, 2, 'shipped', '2021-08-16 23:37:43', NULL) ,
        ('ABC001', 'RLWIPX', 1, 1100, 5, 'delivered', '2021-05-05 12:12:20', '2021-05-07 12:12:20') ,
        ('ARC001', 'D2Z48T', 1, 1099, 3, 'delivered', '2021-05-10 20:11:49', '2021-05-12 20:11:49') ,
        ('MCK010', 'A09T8N', 1, 100, 5, 'being processed', NULL, NULL) ,
        ('MQM011', 'KBV5SK', 1, 80, 4, 'shipped', '2021-08-13 11:22:05', NULL) ,
        ('APP003', '3PSM8R', 1, 40, 4, 'being processed',NULL, NULL) ,
        ('APP002', 'T2WRNU', 1, 100, 5, 'being processed', NULL, NULL) ,
        ('MCQ050', 'A8BADT', 1, 300, 3, 'delivered', '2021-07-18 06:50:47', '2021-07-20 06:50:47') ,
        ('JYX888', 'KWR1RU', 1, 100, 5, 'delivered', '2021-06-17 07:59:17', '2021-06-19 07:59:17') ,
        ('MNO005', 'OIJ6K2', 1, 539, 2, 'delivered', '2021-05-28 21:42:18', '2021-05-30 21:42:18') ,
        ('APM001', 'AFJ0C9', 1, 35, 2, 'being processed',NULL, NULL) ,
        ('MCM001', 'NVMT55', 1, 100, 3, 'delivered', '2021-08-12 22:19:05', '2021-08-14 22:19:05') ,
        ('APP002', 'QXVOGL', 1, 100, 5, 'delivered', '2021-05-12 13:09:25', '2021-05-14 13:09:25') ,
        ('AFR011', '63SMSU', 1, 50, 5, 'being processed', NULL, NULL) ,
        ('MQM001', 'DRUMG1', 1, 20, 1, 'shipped', '2021-08-24 23:09:45', NULL) ,
        ('MQM001', 'B4PR7K', 1, 20, 3, 'being processed',NULL, NULL) ,
        ('APP001', 'N5WMMI', 1, 50, 2, 'being processed', NULL, NULL) ,
        ('MUA112', 'S3C2I5', 1, 50, 3, 'shipped', '2021-08-27 15:15:38', NULL) ,
        ('JYX666', 'HYG04P', 1, 100, 2, 'shipped', '2021-06-17 10:35:08', NULL) ,
        ('DEF002', 'O6P2T9', 1, 1200, 1, 'being processed', NULL, NULL) ,
        ('APM002', 'JTPVU2', 1, 100, 5, 'delivered', '2021-07-10 22:47:56', '2021-07-12 22:47:56') ,
        ('PPP001', 'YNTA9N', 1, 250, 2, 'delivered', '2021-06-07 07:01:48', '2021-06-09 07:01:48') ,
        ('MQM001', 'OT3A8S', 1, 20, 2, 'delivered', '2021-08-28 15:00:01', '2021-08-30 15:00:01') ,
        ('MQM001', '0B7DQG', 1, 20, 5, 'delivered', '2021-06-18 01:48:18', '2021-06-20 01:48:18') ,
        ('DEF002', '1E2S22', 1, 1200, 1, 'being processed',NULL, NULL) ,
        ('MUA112', 'Z78HXR', 1, 50, 2, 'delivered', '2021-07-20 02:04:07', '2021-07-22 02:04:07') ,
        ('MCQ050', 'QBINK9', 1, 300, 1, 'being processed', NULL, NULL) ,
        ('AFR011', '3NDQBU', 1, 50, 3, 'shipped', '2021-06-18 10:02:38', NULL) ,
        ('ARC001', 'JGAV6S', 1, 1099, 2, 'delivered', '2021-06-17 11:11:06', '2021-06-19 11:11:06') ,
        ('MUY016', 'CSSKJ5', 1, 100, 3, 'shipped', '2021-05-12 17:42:27', NULL) ,
        ('DEF002', 'NNTORR', 1, 1200, 1, 'being processed', NULL, NULL) ,
        ('PPP001', 'MTC3UR', 1, 250, 1, 'being processed', NULL, NULL) ,
        ('JYX666', '6321WX', 1, 100, 5, 'delivered', '2021-08-22 07:41:20', '2021-08-24 07:41:20') ,
        ('MCK010', 'IWG5CE', 1, 100, 3, 'being processed',NULL, NULL) ,
        ('APP003', 'W538KM', 1, 40, 1, 'shipped', '2021-08-20 10:53:03', NULL) ,
        ('MCQ050', '1JTG0G', 1, 300, 1, 'shipped', '2021-05-08 16:24:55', NULL) ,
        ('TUV007', 'PJ7K2T', 1, 1800, 2, 'shipped', '2021-06-30 21:15:39', NULL) ,
        ('AFR011', '72S8JP', 1, 50, 3, 'shipped', '2021-06-13 02:59:46', NULL) ,
        ('DEF002', 'ALD4AG', 1, 1200, 1, 'delivered', '2021-05-11 00:30:36', '2021-05-13 00:30:36') ,
        ('MNO005', 'RF6LT9', 1, 539, 3, 'shipped', '2021-07-30 20:28:52', NULL) ,
        ('JYX666', 'PKQ2Q6', 1, 100, 2, 'delivered', '2021-07-07 02:04:18', '2021-07-09 02:04:18') ,
        ('DEF002', 'CH81XE', 1, 1200, 2, 'delivered', '2021-06-19 00:21:32', '2021-06-21 00:21:32') ,
        ('APM002', '0PXHP3', 1, 100, 2, 'delivered', '2021-07-25 12:07:17', '2021-07-27 12:07:17') ,
        ('APP003', 'FU6478', 1, 40, 5, 'delivered', '2021-08-10 18:14:22', '2021-08-12 18:14:22') ,
        ('JYX888', 'R0BHYC', 1, 100, 2, 'delivered', '2021-06-07 11:39:33', '2021-06-09 11:39:33') ,
        ('DEF002', 'FWVV34', 1, 1200, 4, 'delivered', '2021-06-27 00:13:54', '2021-06-29 00:13:54') ,
        ('QRS006', '20E80B', 1, 1500, 1, 'shipped', '2021-07-27 02:30:34', NULL) ,
        ('APM001', 'IU2H3E', 1, 35, 1, 'being processed', NULL, NULL) ,
        ('ABC001', 'PMWG81', 1, 1100, 3, 'delivered', '2021-05-16 23:38:47', '2021-05-18 23:38:47') ,
        ('JYX666', '6T4WAL', 1, 100, 3, 'shipped', '2021-07-13 06:19:33', NULL) ,
        ('GHI003', 'B8QBBQ', 1, 1299, 4, 'shipped', '2021-06-02 06:29:48', NULL) ,
        ('JYX666', 'OWPU3H', 1, 100, 3, 'delivered', '2021-06-05 18:45:00', '2021-06-07 18:45:00') ,
        ('JYX666', 'LSUYCV', 1, 100, 1, 'being processed', NULL, NULL) ,
        ('PDD250', 'ZJVIM9', 1, 400, 2, 'being processed',NULL, NULL) ,
        ('MCK010', 'ZHB9PM', 1, 100, 2, 'shipped', '2021-06-03 17:56:03', NULL) ,
        ('APP001', 'JFNMRK', 1, 50, 4, 'being processed', NULL, NULL) ,
        ('APM002', 'RB7M31', 1, 100, 2, 'delivered', '2021-05-08 21:07:06', '2021-05-10 21:07:06') ,
        ('AFR011', '3SWE7Z', 1, 50, 1, 'being processed', NULL, NULL) ,
        ('JKL004', 'HEGR2I', 1, 1399, 4, 'shipped', '2021-06-23 04:58:21',NULL) ,
        ('AFR011', 'FOWWP7', 1, 50, 4, 'delivered', '2021-07-06 21:18:51', '2021-07-08 21:18:51') ,
        ('TUV007', 'XG2IF8', 1, 1800, 5, 'delivered', '2021-07-01 02:24:18', '2021-07-03 02:24:18') ,
        ('JKL004', '3D8IKZ', 1, 1399, 2, 'delivered', '2021-05-13 12:27:14', '2021-05-15 12:27:14') ,
        ('MCM001', '8323FG', 1, 100, 4, 'shipped', '2021-07-10 11:19:25', NULL) ,
        ('TUV007', 'UMHWMF', 1, 1800, 5, 'shipped', '2021-05-23 00:23:42', NULL) ,
        ('MQM001', 'IEC3UK', 1, 20, 4, 'delivered', '2021-06-07 10:21:00', '2021-06-09 10:21:00') ,
        ('MUY016', 'M9O2ZR', 1, 100, 5, 'delivered', '2021-05-20 13:39:15', '2021-05-22 13:39:15') ,
        ('TUV007', 'GVHGRO', 1, 1800, 2, 'shipped', '2021-08-30 15:44:14', NULL) ,
        ('ABC001', '22X8WQ', 1, 1100, 5, 'delivered', '2021-07-17 10:44:21', '2021-07-19 10:44:21') ,
        ('QRS006', 'V76T9K', 1, 1500, 2, 'delivered', '2021-06-27 09:30:24', '2021-06-29 09:30:24') ,
        ('JKL004', 'SS7ZPK', 1, 1399, 4, 'being processed', NULL, NULL) ,
        ('AFR011', 'EEIRU3', 1, 50, 5, 'shipped', '2021-07-24 12:53:45', NULL) ,
        ('QRS006', 'PKZ38A', 1, 1500, 3, 'shipped', '2021-06-15 08:42:48', NULL) ,
        ('APM002', 'F7DKIP', 1, 100, 2, 'shipped', '2021-06-16 09:43:36', NULL) ,
        ('MCM002', '3VKSZH', 1, 70, 4, 'being processed', NULL, NULL) ,
        ('DEF002', 'LJH6TB', 1, 1200, 3, 'delivered', '2021-06-02 13:58:00', '2021-06-04 13:58:00') ,
        ('PDD250', 'HFWS26', 1, 400, 2, 'being processed', NULL, NULL) ,
        ('MUY012', 'WVKSUV', 1, 100, 5, 'being processed', NULL, NULL) ,
        ('QRS006', 'QI6BF3', 1, 1500, 2, 'delivered', '2021-06-12 17:25:11', '2021-06-14 17:25:11') ,
        ('MQM011', '946WIS', 1, 80, 2, 'delivered', '2021-07-18 16:53:18', '2021-07-20 16:53:18') ,
        ('MCM001', 'NEP3Q1', 1, 100, 3, 'delivered', '2021-07-19 01:50:14', '2021-07-21 01:50:14') ,
        ('GHI003', 'UM4910', 1, 1299, 2, 'shipped', '2021-05-10 14:17:32', NULL) ,
        ('MCQ050', 'LJIB4L', 1, 300, 2, 'shipped', '2021-07-30 01:59:44', NULL) ,
        ('APM001', 'VW89LG', 1, 35, 1, 'shipped', '2021-07-19 11:42:54', NULL) ,
        ('APM002', 'ME1VGN', 1, 100, 2, 'delivered', '2021-07-19 08:06:15', '2021-07-21 08:06:15') ,
        ('ARC002', '1QM2EM', 1, 1199, 1, 'shipped', '2021-05-21 00:50:37', NULL) ,
        ('APP001', 'W8GNUI', 1, 50, 4, 'being processed', NULL, NULL) ,
        ('JKL004', 'E47UVA', 1, 1399, 4, 'delivered', '2021-06-15 15:00:11', '2021-06-17 15:00:11') ,
        ('JYX666', 'WIWQSY', 1, 100, 4, 'delivered', '2021-07-11 12:21:29', '2021-07-13 12:21:29') ,
        ('JYX666', 'SOVUVZ', 1, 100, 4, 'delivered', '2021-06-13 10:15:00', '2021-06-15 10:15:00') ,
        ('MQM011', 'IIQBOC', 1, 80, 4, 'shipped', '2021-05-20 19:27:58', NULL) ,
        ('ABC001', 'EHMBV1', 1, 1100, 2, 'shipped', '2021-06-05 13:40:24', NULL) ,
        ('MCK010', 'HGCPR5', 1, 100, 4, 'shipped', '2021-06-01 14:59:50', NULL) ,
        ('MCQ050', 'VZSRJO', 1, 300, 3, 'delivered', '2021-06-07 15:51:44', '2021-06-09 15:51:44') ,
        ('TUV007', 'I9DCCB', 1, 1800, 1, 'delivered', '2021-05-04 04:57:31', '2021-05-06 04:57:31') ,
        ('APP003', 'C2J0IP', 1, 40, 2, 'delivered', '2021-07-21 05:43:18', '2021-07-23 05:43:18') ,
        ('ABC001', '84CHCJ', 1, 1100, 2, 'delivered', '2021-07-15 15:01:59', '2021-07-17 15:01:59') ,
        ('DEF002', 'MJ1N90', 1, 1200, 2, 'delivered', '2021-06-26 10:41:52', '2021-06-28 10:41:52') ,
        ('APM001', 'YIK0SU', 1, 35, 1, 'shipped', '2021-07-26 23:53:22', NULL);

--
-- Table structure for table `Review`
--

INSERT INTO Review
VALUES  ('A0M001', '1001', 4.4, '7XMT90', 1, 'Well-designed and sleek in design', '2021-08-19 11:00:32'),
        ('T0BQ0B', '1281', 2.9, 'S6874S', 1, 'Delivery is slightly late', '2021-05-25 16:19:34'), 
        ('9DWZJS', '1238', 4.4, 'JO19G6', 1, 'Great Product', '2021-08-25 02:54:53'), 
        ('APTUGT', '1242', 5.0, 'GPY0C9', 1, 'Great Product!', '2021-06-15 17:11:34'), 
        ('LXA9AW', '1276', 2.3, '7L4HE4', 1, 'Seller is rude', '2021-06-09 21:33:23'), 
        ('742Z1I', '1276', 4.8, 'U4QN6E', 1, 'Great Product', '2021-08-09 21:33:23'), 
        ('NLZNJI', '1218', 2.9, 'FD5I2J', 1, 'Seller is rude', '2021-07-18 12:01:56'), 
        ('010XWN', '1265', 2.5, 'IC153D', 1, 'Seller is rude', '2021-08-07 19:11:12'), 
        ('6J7D7W', '1276', 3.0, '7L4HE4', 1, 'Seller is rude', '2021-06-01 21:33:23'), 
        ('HV34F8', '1265', 3.6, 'YQL6U0', 1, 'Delivery is on time', '2021-08-07 19:11:12'),
        ('0YUGAP', '1231', 3.5, '0X05FP', 1, 'Seller is good', '2021-08-18 06:48:22'), 
        ('47CMJ5', '1231', 4.7, '0X05FP', 1, 'Seller is friendly', '2021-08-18 06:48:22'), 
        ('7JZ9LN', '1234', 5.0, 'NN2DCN', 1, 'Seller is rude', '2021-08-21 01:10:32'), 
        ('OONGIE', '1274', 5.0, 'VNWCA6', 1, 'Seller is good', '2021-08-08 13:27:34'), 
        ('Q618G5', '1242', 3.7, 'CJZ3O5', 1, 'Delivery is on time', '2021-06-18 17:11:34'), 
        ('PD85DO', '1265', 1.5, 'IC153D', 1, 'Seller is rude', '2021-08-06 19:11:12'), 
        ('YSLQUC', '1242', 3.8, 'CJZ3O5', 1, 'Seller is rude', '2021-08-19 17:11:34'), 
        ('OFOX1T', '1242', 4.6, 'CJZ3O5', 1, 'Great Product', '2021-08-19 17:11:34'), 
        ('3ANGI9', '1214', 2.8, 'CDG5NA', 1, 'Delivery is slightly late', '2021-07-08 08:35:33'), 
        ('PDU0U5', '1276', 4.3, 'U4QN6E', 1, 'Seller is friendly', '2021-08-08 21:33:23'), 
        ('GLYLEO', '1242', 4.4, 'GPY0C9', 1, 'Seller is friendly', '2021-08-19 17:11:34'),
        ('LBOSD0', '1001', 5, '7XMT90', 1, 'Great Product', '2021-08-06 17:31:02') ,
        ('T3TA06', '1242', 5, 'CJZ3O5', 1, 'Great Product', '2021-05-16 10:25:30') ,
        ('VY9BUH', '1291', 5, 'J46KO3', 1, 'Great Product', '2021-05-27 21:40:27') ,
        ('DVKVMI', '1286', 5, 'RLWIPX', 1, 'Great Product', '2021-05-03 13:24:02') ,
        ('D8GPZO', '1019', 5, 'PMWG81', 1, 'Great Product', '2021-08-17 20:45:36') ,
        ('07YXUV', '1209', 5, '22X8WQ', 1, 'Friendly seller!', '2021-07-14 18:48:42') ,
        ('TX81HS', '1253', 5, 'ZJVIM9', 1, 'Great Product', '2021-06-05 08:30:42') ,
        ('5SXG58', '1013', 5, 'EHMBV1', 1, 'Great Product', '2021-06-03 21:19:50') ,
        ('1LTQBM', '1282', 5, 'YNTA9N', 1, 'Great Product', '2021-08-08 03:04:26') ,
        ('1ZUZWP', '1272', 5, 'D2Z48T', 1, 'Wonderful!', '2021-06-19 19:15:58') ,
        ('MKEJRP', '1232', 5, 'JGAV6S', 1, 'Friendly seller!', '2021-05-09 20:28:09') ,
        ('SOLXQ7', '1238', 5, 'JO19G6', 1, 'Friendly seller!', '2021-07-15 04:09:55') ,
        ('LCEIUU', '1283', 5, 'JTPVU2', 1, 'Wonderful!', '2021-07-08 04:55:26') ,
        ('Z4A353', '1232', 5, 'JGAV6S', 1, 'Friendly seller!', '2021-05-20 15:50:58') ,
        ('Y9U0OU', '1101', 5, 'HFWS26', 1, 'Wonderful!', '2021-08-15 22:07:05') ,
        ('03P7M2', '1248', 5, '84CHCJ', 1, 'Wonderful!', '2021-05-22 09:17:46') ,
        ('AQQOVV', '1248', 5, '84CHCJ', 1, 'Friendly seller!', '2021-06-02 08:31:02') ,
        ('2ISAOP', '1248', 5, '84CHCJ', 1, 'Great Product', '2021-06-10 14:49:32') ,
        ('78TQCX', '1221', 5, '0PXHP3', 1, 'Wonderful!', '2021-05-14 07:26:09') ,
        ('Y2CX4L', '1101', 5, 'HFWS26', 1, 'Friendly seller!', '2021-05-23 21:36:01') ,
        ('JCLK98', '1232', 5, 'JGAV6S', 1, 'Great Product', '2021-06-17 21:28:19') ,
        ('VEEV4Z', '1012', 5, 'MTC3UR', 1, 'Wonderful!', '2021-06-03 01:15:10') ,
        ('854KK8', '1234', 5, 'NN2DCN', 1, 'Wonderful!', '2021-07-18 16:52:00') ,
        ('IQR3MR', '1101', 5, 'HFWS26', 1, 'Friendly seller!', '2021-06-16 22:54:07') ,
        ('PW1IBA', '1247', 5, 'RB7M31', 1, 'Great Product', '2021-07-23 09:43:46') ,
        ('R74UVT', '1101', 5, 'HFWS26', 1, 'Great Product', '2021-05-18 22:52:25') ,
        ('KZ7Y55', '1242', 5, 'GPY0C9', 2, 'Wonderful!', '2021-06-15 04:34:15') ,
        ('Z7HB0H', '1241', 5, 'F7DKIP', 1, 'Friendly seller!', '2021-05-07 03:19:21') ,
        ('MZSQFC', '1229', 5, 'A8BADT', 1, 'Great Product', '2021-06-18 00:34:01') ,
        ('KBU7SI', '1245', 5, 'QBINK9', 1, 'Wonderful!', '2021-06-28 07:12:33') ,
        ('292ZVC', '1212', 5, 'ME1VGN', 1, 'Great Product', '2021-07-26 13:00:33') ,
        ('6IFP5W', '1232', 5, 'JGAV6S', 1, 'Wonderful!', '2021-05-02 15:57:38') ,
        ('DO1Z3V', '1101', 5, 'HFWS26', 1, 'Wonderful!', '2021-06-30 06:52:09') ,
        ('ED4575', '1262', 5, '1JTG0G', 1, 'Friendly seller!', '2021-05-23 01:03:08') ,
        ('3Y8FL5', '1012', 5, 'MTC3UR', 1, 'Friendly seller!', '2021-05-11 19:40:27') ,
        ('Q2PJPV', '1232', 5, 'JGAV6S', 1, 'Wonderful!', '2021-05-10 14:49:40') ,
        ('49DPWH', '1248', 5, '84CHCJ', 1, 'Friendly seller!', '2021-07-05 14:23:34') ,
        ('4X0K7I', '1212', 5, 'ME1VGN', 1, 'Great Product', '2021-08-05 02:06:57') ,
        ('JEKYT0', '1212', 5, 'ME1VGN', 1, 'Friendly seller!', '2021-08-11 11:56:27') ,
        ('IIY0F8', '1232', 5, 'JGAV6S', 1, 'Great Product', '2021-08-22 09:19:00') ,
        ('91FZQH', '1278', 5, 'LJIB4L', 1, 'Wonderful!', '2021-06-19 07:32:39') ,
        ('Q9HGZM', '1232', 5, 'JGAV6S', 1, 'Wonderful!', '2021-07-13 16:53:06') ,
        ('0E0NLY', '1232', 5, 'JGAV6S', 1, 'Friendly seller!', '2021-05-24 22:38:29') ,
        ('ZVR9AL', '1248', 5, '84CHCJ', 1, 'Wonderful!', '2021-06-14 04:20:11') ,
        ('ZQDOO7', '1248', 5, '84CHCJ', 1, 'Great Product', '2021-05-15 08:53:36') ,
        ('OXHNQN', '1232', 5, 'JGAV6S', 1, 'Great Product', '2021-08-12 00:50:13') ,
        ('OW6TI5', '1226', 5, 'VZSRJO', 1, 'Wonderful!', '2021-05-14 17:00:32') ,
        ('43R2HN', '1232', 5, 'JGAV6S', 1, 'Great Product', '2021-08-13 12:47:21') ,
        ('HDTPCA', '1212', 5, 'ME1VGN', 1, 'Wonderful!', '2021-06-27 00:57:38') ,
        ('BBA7OS', '1226', 5, 'VZSRJO', 1, 'Great Product', '2021-05-16 09:16:55') ,
        ('D80RS9', '1226', 5, 'VZSRJO', 1, 'Friendly seller!', '2021-05-16 18:09:21') ,
        ('LQVK0P', '1101', 5, 'HFWS26', 1, 'Wonderful!', '2021-05-27 13:02:53') ,
        ('R2DMY7', '1232', 5, 'JGAV6S', 1, 'Great Product', '2021-05-19 16:44:16') ,
        ('X1BIUF', '1226', 5, 'VZSRJO', 1, 'Friendly seller!', '2021-05-06 14:05:23') ,
        ('XHVJVW', '1226', 5, 'VZSRJO', 1, 'Friendly seller!', '2021-06-30 09:15:27') ,
        ('JCDK0R', '1012', 5, 'MTC3UR', 1, 'Friendly seller!', '2021-08-14 07:58:15') ,
        ('R0BRTN', '1101', 5, 'HFWS26', 1, 'Wonderful!', '2021-05-15 05:58:39') ,
        ('LLE482', '1012', 5, 'MTC3UR', 1, 'Wonderful!', '2021-06-13 10:00:28') ,
        ('654HOS', '1226', 5, 'VZSRJO', 1, 'Great Product', '2021-08-18 13:43:22') ,
        ('53HL2N', '1226', 5, 'VZSRJO', 1, 'Friendly seller!', '2021-07-12 00:47:26') ,
        ('L5LOVU', '1226', 5, 'VZSRJO', 1, 'Friendly seller!', '2021-07-11 07:10:00') ,
        ('TF6YCX', '1232', 5, 'JGAV6S', 1, 'Friendly seller!', '2021-07-24 19:50:16') ,
        ('GCIZWU', '1212', 5, 'ME1VGN', 1, 'Friendly seller!', '2021-05-04 16:17:14') ,
        ('EZUZUK', '1232', 5, 'JGAV6S', 1, 'Wonderful!', '2021-06-09 04:14:24') ,
        ('LGTDSA', '1248', 5, '84CHCJ', 1, 'Great Product', '2021-07-26 18:42:11') ,
        ('XT7X4O', '1248', 5, '84CHCJ', 1, 'Great Product', '2021-05-18 21:45:25') ,
        ('OY8H6S', '1248', 5, '84CHCJ', 1, 'Wonderful!', '2021-08-18 07:21:07') ,
        ('3XYBEY', '1248', 5, '84CHCJ', 1, 'Friendly seller!', '2021-05-20 06:45:17') ,
        ('M16FKM', '1101', 5, 'HFWS26', 1, 'Wonderful!', '2021-08-17 08:33:19') ,
        ('TUIZXL', '1012', 5, 'MTC3UR', 1, 'Wonderful!', '2021-07-31 02:07:59') ,
        ('NCGR54', '1212', 5, 'ME1VGN', 1, 'Great Product', '2021-08-02 12:13:44') ,
        ('WOVDK1', '1226', 5, 'VZSRJO', 1, 'Wonderful!', '2021-05-12 05:05:33') ,
        ('K21E8F', '1101', 5, 'HFWS26', 1, 'Wonderful!', '2021-07-26 03:11:43') ,
        ('MRBWUU', '1101', 5, 'HFWS26', 1, 'Wonderful!', '2021-08-29 13:37:20') ,
        ('O2SKH9', '1226', 5, 'VZSRJO', 1, 'Great Product', '2021-06-17 23:31:14') ,
        ('MS8SLV', '1248', 5, '84CHCJ', 1, 'Great Product', '2021-07-26 02:24:38') ,
        ('JI6ZQX', '1248', 5, '84CHCJ', 1, 'Wonderful!', '2021-08-21 14:09:27') ,
        ('MKQICU', '1101', 5, 'HFWS26', 1, 'Friendly seller!', '2021-06-03 03:06:03') ,
        ('F8CMEL', '1101', 5, 'HFWS26', 1, 'Wonderful!', '2021-06-24 12:13:32') ,
        ('OVEB48', '1232', 5, 'JGAV6S', 1, 'Friendly seller!', '2021-05-25 07:03:23') ,
        ('VRA5X2', '1248', 5, '84CHCJ', 1, 'Great Product', '2021-07-25 10:45:42') ,
        ('84DTIV', '1248', 5, '84CHCJ', 1, 'Wonderful!', '2021-08-01 13:50:48') ,
        ('FOVG66', '1248', 5, '84CHCJ', 1, 'Wonderful!', '2021-06-01 17:07:24') ,
        ('KQ124O', '1226', 5, 'VZSRJO', 1, 'Wonderful!', '2021-05-21 13:08:42') ,
        ('GRMAVW', '1226', 5, 'VZSRJO', 1, 'Great Product', '2021-05-16 11:36:06') ,
        ('7MVVAX', '1012', 5, 'MTC3UR', 1, 'Great Product', '2021-07-17 22:43:30') ,
        ('70YYU7', '1212', 5, 'ME1VGN', 1, 'Wonderful!', '2021-07-14 07:28:43'),
        ('3BS1R5', '1272', 5, 'D2Z48T', 1, 'Wonderful!', '2021-08-28 18:52:11') ,
        ('WRKZB4', '1242', 5, 'CJZ3O5', 1, 'Friendly seller!', '2021-08-11 17:53:34') ,
        ('KX2KIC', '1282', 5, 'YNTA9N', 1, 'Great Product', '2021-08-14 06:34:53') ,
        ('L4SY61', '1001', 5, '7XMT90', 1, 'Great Product', '2021-08-12 19:10:00') ,
        ('M4VNFL', '1012', 5, 'MTC3UR', 1, 'Great Product', '2021-08-02 18:36:12') ,
        ('0J2QZW', '1253', 5, 'ZJVIM9', 1, 'Great Product', '2021-08-29 09:14:12') ,
        ('8JQDD1', '1101', 5, 'HFWS26', 1, 'Great Product', '2021-08-02 11:28:38') ,
        ('DK9LID', '1291', 5, 'J46KO3', 1, 'Friendly seller!', '2021-08-26 09:28:40') ,
        ('I8VP2Y', '1283', 5, 'JTPVU2', 1, 'Wonderful!', '2021-08-24 04:12:06') ,
        ('9M8WCJ', '1221', 5, '0PXHP3', 1, 'Friendly seller!', '2021-08-15 19:45:05') ,
        ('S729B7', '1247', 5, 'RB7M31', 1, 'Friendly seller!', '2021-08-08 09:59:34') ,
        ('UHXU2B', '1286', 5, 'RLWIPX', 1, 'Friendly seller!', '2021-08-09 22:25:06') ,
        ('60AGQ4', '1101', 5, 'HFWS26', 1, 'Friendly seller!', '2021-08-25 01:52:40') ,
        ('P3IWCU', '1012', 5, 'MTC3UR', 1, 'Wonderful!', '2021-08-03 20:01:37') ,
        ('QQ54J5', '1012', 5, 'MTC3UR', 1, 'Wonderful!', '2021-08-28 14:52:36') ,
        ('8RP5MU', '1019', 5, 'PMWG81', 1, 'Friendly seller!', '2021-08-03 13:33:41') ,
        ('WQIGIS', '1209', 5, '22X8WQ', 1, 'Friendly seller!', '2021-08-05 19:59:51') ,
        ('IJHWO7', '1012', 5, 'MTC3UR', 1, 'Friendly seller!', '2021-08-07 12:03:48') ,
        ('NA76IZ', '1013', 5, 'EHMBV1', 1, 'Friendly seller!', '2021-08-27 08:52:20') ,
        ('J43XY6', '1101', 5, 'HFWS26', 1, 'Friendly seller!', '2021-08-20 14:35:30') ,
        ('GK7NE9', '1012', 5, 'MTC3UR', 1, 'Wonderful!', '2021-08-02 07:54:48') ,
        ('KV287M', '1248', 5, '84CHCJ', 1, 'Great Product', '2021-08-20 17:26:31') ,
        ('XCA71B', '1012', 5, 'MTC3UR', 1, 'Wonderful!', '2021-08-24 03:42:59') ,
        ('4VZD0H', '1101', 5, 'HFWS26', 1, 'Great Product', '2021-08-15 07:12:18') ,
        ('XH669P', '1248', 5, '84CHCJ', 1, 'Friendly seller!', '2021-08-24 11:39:55') ,
        ('KNHEUI', '1238', 5, 'JO19G6', 1, 'Wonderful!', '2021-08-27 00:32:29') ,
        ('UKZGB0', '1232', 5, 'JGAV6S', 1, 'Wonderful!', '2021-08-13 16:06:03') ,
        ('DNFOG9', '1241', 5, 'F7DKIP', 1, 'Great Product', '2021-08-27 06:22:06') ,
        ('CSNNJ2', '1101', 5, 'HFWS26', 1, 'Great Product', '2021-08-09 01:02:26') ,
        ('2J29JA', '1012', 5, 'MTC3UR', 1, 'Wonderful!', '2021-08-04 07:54:34') ,
        ('BQ2CJR', '1234', 5, 'NN2DCN', 1, 'Great Product', '2021-08-08 12:13:03') ,
        ('0IS2M3', '1012', 5, 'MTC3UR', 1, 'Friendly seller!', '2021-08-02 16:46:11') ,
        ('DZ6NVW', '1248', 5, '84CHCJ', 1, 'Great Product', '2021-08-08 19:34:25') ,
        ('MJW88X', '1248', 5, '84CHCJ', 1, 'Wonderful!', '2021-08-25 05:06:38') ,
        ('SSBM7U', '1212', 5, 'ME1VGN', 1, 'Wonderful!', '2021-08-30 18:52:37') ,
        ('3M0VMA', '1248', 5, '84CHCJ', 1, 'Great Product', '2021-08-26 09:11:25') ,
        ('SRCOOW', '1248', 5, '84CHCJ', 1, 'Wonderful!', '2021-08-22 17:45:34') ,
        ('K52PT8', '1248', 5, '84CHCJ', 1, 'Wonderful!', '2021-08-14 17:40:35') ,
        ('HYZOYL', '1248', 5, '84CHCJ', 1, 'Great Product', '2021-08-02 05:18:57') ,
        ('F9LC6I', '1242', 5, 'GPY0C9', 2, 'Friendly seller!', '2021-08-05 19:43:55') ,
        ('EWU4K3', '1229', 5, 'A8BADT', 1, 'Great Product', '2021-08-08 01:49:57') ,
        ('K4CFFI', '1012', 5, 'MTC3UR', 1, 'Great Product', '2021-08-13 00:33:41') ,
        ('F568M4', '1245', 5, 'QBINK9', 1, 'Friendly seller!', '2021-08-31 04:27:37') ,
        ('3LAYMJ', '1212', 5, 'ME1VGN', 1, 'Great Product', '2021-08-27 18:51:54') ,
        ('Q2AFIJ', '1232', 5, 'JGAV6S', 1, 'Friendly seller!', '2021-08-22 01:31:08') ,
        ('65JXIV', '1212', 5, 'ME1VGN', 1, 'Wonderful!', '2021-08-14 10:08:29') ,
        ('R9BVEG', '1101', 5, 'HFWS26', 1, 'Great Product', '2021-08-10 07:21:45') ,
        ('0ZXPTZ', '1262', 5, '1JTG0G', 1, 'Great Product', '2021-08-25 16:00:12') ,
        ('C9M5TO', '1278', 5, 'LJIB4L', 1, 'Great Product', '2021-08-12 10:37:32') ,
        ('NZC8RZ', '1212', 5, 'ME1VGN', 1, 'Great Product', '2021-08-27 06:02:28') ,
        ('ERVI9L', '1012', 5, 'MTC3UR', 1, 'Great Product', '2021-08-16 22:05:26') ,
        ('GGA7MQ', '1012', 5, 'MTC3UR', 1, 'Friendly seller!', '2021-08-13 18:51:22') ,
        ('1HB3G4', '1248', 5, '84CHCJ', 1, 'Great Product', '2021-08-16 17:50:11') ,
        ('AF9F3V', '1232', 5, 'JGAV6S', 1, 'Friendly seller!', '2021-08-05 06:02:15') ,
        ('UJKFNB', '1226', 5, 'VZSRJO', 1, 'Wonderful!', '2021-08-30 11:17:25') ,
        ('JS0ZF8', '1248', 5, '84CHCJ', 1, 'Friendly seller!', '2021-08-04 08:59:42') ,
        ('69MFFC', '1226', 5, 'VZSRJO', 1, 'Friendly seller!', '2021-08-29 16:33:52') ,
        ('7F27WZ', '1212', 5, 'ME1VGN', 1, 'Wonderful!', '2021-08-08 00:37:47') ,
        ('MSHGPB', '1012', 5, 'MTC3UR', 1, 'Friendly seller!', '2021-08-31 00:36:45') ,
        ('3TJ3X2', '1101', 5, 'HFWS26', 1, 'Wonderful!', '2021-08-22 16:47:36') ,
        ('ON7YPK', '1012', 5, 'MTC3UR', 1, 'Friendly seller!', '2021-08-02 19:59:59') ,
        ('MPKK8X', '1212', 5, 'ME1VGN', 1, 'Wonderful!', '2021-08-15 11:50:01') ,
        ('MX8UFX', '1101', 5, 'HFWS26', 1, 'Friendly seller!', '2021-08-12 00:15:36') ,
        ('63O8CJ', '1012', 5, 'MTC3UR', 1, 'Great Product', '2021-08-06 08:37:17') ,
        ('61PHPZ', '1212', 5, 'ME1VGN', 1, 'Great Product', '2021-08-25 22:41:43') ,
        ('DAG1ZH', '1212', 5, 'ME1VGN', 1, 'Wonderful!', '2021-08-01 18:03:11') ,
        ('XXIPDQ', '1232', 5, 'JGAV6S', 1, 'Wonderful!', '2021-08-10 08:53:13') ,
        ('OZ6VPM', '1012', 5, 'MTC3UR', 1, 'Great Product', '2021-08-06 01:57:49') ,
        ('JTACMC', '1101', 5, 'HFWS26', 1, 'Wonderful!', '2021-08-03 10:37:50') ,
        ('EO7SX7', '1212', 5, 'ME1VGN', 1, 'Friendly seller!', '2021-08-27 23:01:27') ,
        ('P9EPRK', '1101', 5, 'HFWS26', 1, 'Friendly seller!', '2021-08-12 14:40:43') ,
        ('T1IOGD', '1248', 5, '84CHCJ', 1, 'Great Product', '2021-08-15 15:05:44') ,
        ('A2L5CD', '1012', 5, 'MTC3UR', 1, 'Great Product', '2021-08-30 13:02:32') ,
        ('ZSVDV5', '1226', 5, 'VZSRJO', 1, 'Friendly seller!', '2021-08-17 05:05:12') ,
        ('N8GKNG', '1226', 5, 'VZSRJO', 1, 'Wonderful!', '2021-08-21 16:51:14') ,
        ('SH1MXZ', '1101', 5, 'HFWS26', 1, 'Friendly seller!', '2021-08-25 13:35:19') ,
        ('L4KMT2', '1212', 5, 'ME1VGN', 1, 'Friendly seller!', '2021-08-23 08:14:46') ,
        ('KXWG2Q', '1101', 5, 'HFWS26', 1, 'Wonderful!', '2021-08-13 23:19:56') ,
        ('XXJG3C', '1226', 5, 'VZSRJO', 1, 'Great Product', '2021-08-02 02:40:38') ,
        ('OPM1W8', '1248', 5, '84CHCJ', 1, 'Friendly seller!', '2021-08-28 11:26:24') ,
        ('KGFCI3', '1212', 5, 'ME1VGN', 1, 'Wonderful!', '2021-08-27 09:32:32') ,
        ('BJZVNO', '1226', 5, 'VZSRJO', 1, 'Friendly seller!', '2021-08-27 13:20:24') ,
        ('97XVM0', '1012', 5, 'MTC3UR', 1, 'Great Product', '2021-08-27 04:02:05') ,
        ('KPQCRL', '1212', 5, 'ME1VGN', 1, 'Friendly seller!', '2021-08-11 18:03:13') ,
        ('U7UUJV', '1101', 5, 'HFWS26', 1, 'Great Product', '2021-08-28 20:47:08') ,
        ('S946JN', '1212', 5, 'ME1VGN', 1, 'Wonderful!', '2021-08-16 15:15:23') ,
        ('5OQR9Y', '1248', 5, '84CHCJ', 1, 'Great Product', '2021-08-19 13:43:44') ,
        ('5ZZSVF', '1101', 5, 'HFWS26', 1, 'Wonderful!', '2021-08-28 11:29:06') ,
        ('QKS0M8', '1012', 5, 'MTC3UR', 1, 'Wonderful!', '2021-08-28 16:29:32') ,
        ('UTNKJ5', '1226', 5, 'VZSRJO', 1, 'Great Product', '2021-08-25 03:34:44') ,
        ('WC4R9A', '1226', 5, 'VZSRJO', 1, 'Great Product', '2021-08-03 08:12:03') ,
        ('2TVOCS', '1248', 5, '84CHCJ', 1, 'Wonderful!', '2021-08-04 05:29:20') ,
        ('P9PDHI', '1101', 5, 'HFWS26', 1, 'Friendly seller!', '2021-08-09 09:21:52') ,
        ('9WKKRH', '1212', 5, 'ME1VGN', 1, 'Friendly seller!', '2021-08-18 07:21:08') ;

        
-- Inserting data into Complaint

INSERT INTO Complaint
VALUES  ('0001', NULL, '1220','pending', '2021-02-12 11:09:12', NULL, NULL),
        ('0017', '0017', '1004', 'being handled', '2021-11-13 14:04:21', '2021-11-14 17:04:21', NULL),
        ('0003', '0017', '1015', 'addressed', '2021-10-20 12:02:12.', '2021-10-23 08:02:12', '2021-10-25 23:04:21'),
        ('0004', '0017', '1016', 'addressed', '2021-11-13 14:04:21', '2021-11-17 17:04:21', '2021-11-18 15:04:21'),
        ('0007', '0003', '1017', 'addressed', '2021-12-13 14:04:21', '2021-12-13 17:04:21', '2021-12-17 15:04:21'),
        ('0008', '0003', '1015', 'addressed', '2021-08-09 04:22:08','2021-08-10 04:22:08', '2021-08-12 04:22:08'),
        ('0009', '0003', '1004', 'being handled', '2021-10-13 14:04:21', '2019-10-14 17:04:21', NULL),
        ('0012', '0003', '1244', 'addressed', '2021-07-13 08:35:15', '2021-07-14 08:35:15', '2021-07-15 08:35:15'),
        ('0015', '0013', '1238', 'addressed', '2021-01-28 06:26:48', '2021-01-28 08:26:48', '2021-01-28 09:26:48'),
        ('0002', '0012', '1238', 'addressed', '2021-10-15 16:12:23','2021-10-16 16:12:23', '2021-10-16 19:12:23'),
        ('0005', '0013', '1288', 'addressed', '2021-06-22 08:21:27', '2021-06-22 10:21:27', '2021-06-23 08:21:27'),
        ('0006', '0013', '1004', 'addressed', '2021-01-05 06:35:32', '2021-01-06 06:35:32' ,'2021-01-07 08:35:32'),
        ('0010', '0017', '1215', 'addressed','2021-03-07 20:11:03', '2021-03-08 08:11:03', '2021-03-10 15:11:03'),
        ('0011', '0002', '1202', 'addressed', '2021-07-20 12:01:48', '2021-07-21 12:01:48', '2021-07-24 12:01:48'),
        ('0013', '0002', '1004', 'addressed','2021-01-13 14:04:21', '2021-01-13 17:04:21','2021-02-19 14:20:28'),
        ('0014', NULL, '1213', 'pending', '2021-01-13 14:04:21', NULL, NULL),
        ('0016', NULL, '1016', 'pending', '2021-02-19 14:20:28', NULL, NULL),
        ('0018', '0002', '1004', 'addressed','2021-08-15 10:04:21', '2021-08-17 17:04:21','2021-08-19 14:20:28'),
        ('0019', '0002', '1004', 'addressed','2021-08-13 14:04:11', '2021-08-13 13:06:21','2021-08-19 04:30:28'),
        ('0020', '0002', '1244', 'addressed','2021-08-19 02:04:21', '2021-08-21 17:04:21','2021-08-22 14:20:48'),
        ('0021', '0002', '1004', 'addressed','2021-08-20 03:13:21', '2021-08-24 17:14:55','2021-08-28 17:19:58'),
        ('0022', '0003', '1004', 'being handled', '2021-11-13 07:04:21', '2021-11-14 17:04:21', NULL),
        ('0023', '0003', '1016', 'being handled', '2021-12-13 12:04:21', '2021-12-18 17:04:21', NULL),
        ('0024', '0003', '1004', 'being handled', '2021-01-13 12:30:21', '2021-01-14 17:04:21', NULL),
        ('0025', '0003', '1004', 'being handled', '2021-02-13 14:04:21', '2021-02-17 17:04:21', NULL),
        ('0026', '0003', '1004', 'being handled', '2021-03-13 14:55:55', '2021-03-18 17:04:21', NULL),
        ('0027', '0003', '1004', 'being handled', '2021-04-13 14:04:21', '2021-04-19 17:04:21', NULL),
        ('0028', NULL, '1237', 'pending', '2021-03-19 15:20:28', NULL, NULL),
        ('0029', NULL, '1209', 'pending', '2021-04-24 16:21:18', NULL, NULL),
        ('0030', NULL, '1202', 'pending', '2021-05-23 17:30:28', NULL, NULL),
        ('0031', NULL, '1039', 'pending', '2021-06-22 18:20:08', NULL, NULL),
        ('0032', NULL, '1039', 'pending', '2021-07-21 20:45:28', NULL, NULL),
        ('0033', NULL, '1039', 'pending', '2021-08-20 01:20:28', NULL, NULL),
        ('0034', '0003', '1217', 'addressed','2021-03-21 13:13:21', '2021-03-27 17:14:55','2021-03-28 17:19:58'),
        ('0035', '0012', '1218', 'addressed','2021-04-21 23:10:21', '2021-04-27 17:04:55','2021-04-28 07:20:58'),
        ('0036', '0002', '1219', 'addressed','2021-05-21 03:13:21', '2021-05-23 17:14:35','2021-05-28 17:19:48'),
        ('0037', '0034', '1220', 'addressed','2021-06-21 03:13:55', '2021-06-24 17:14:45','2021-06-28 12:19:38'),
        ('0038', '0033', '1221', 'addressed','2021-07-21 03:53:34', '2021-07-24 17:14:55','2021-07-28 17:09:58'),
        ('0039', '0034', '1294', 'being handled', '2021-06-13 14:04:21', '2021-06-19 11:04:21', NULL),
        ('0040', '0025', '1221', 'being handled', '2021-06-13 14:04:21', '2021-06-19 17:08:12', NULL),
        ('0041', '0001', '1224', 'being handled', '2021-07-13 14:04:21', '2021-07-19 11:04:34', NULL),
        ('0042', '0002', '1273', 'being handled', '2021-07-13 15:04:14', '2021-07-19 06:04:26', NULL),
        ('0043', '0003', '1264', 'being handled', '2021-09-13 14:13:20', '2021-09-22 18:09:25', NULL),
        ('0044', '0004', '1248', 'being handled', '2021-09-13 14:04:25', '2021-09-19 17:03:21', NULL),
        ('0045', '0005', '1218', 'being handled', '2021-09-13 14:40:21', '2021-09-19 17:04:11', NULL),
        ('0046', '0006', '1255', 'addressed','2021-07-21 03:53:34', '2021-07-24 17:42:55','2021-07-28 17:09:58'),
        ('0047', '0007', '1256', 'addressed','2021-08-21 03:53:34', '2021-08-24 17:21:55','2021-08-28 17:39:58'),
        ('0048', '0009', '1257', 'addressed','2021-09-21 03:53:34', '2021-09-25 17:14:32','2021-09-28 17:19:28'),
        ('0049', '0005', '1259', 'addressed','2021-10-21 03:53:34', '2021-10-24 07:14:55','2021-10-28 17:29:38'),
        ('0050', '0026', '1245', 'addressed','2021-11-21 03:53:34', '2021-11-24 13:14:55','2021-11-28 17:49:48');

-- Inserting data into ProductComplaint

INSERT INTO ProductComplaint   
VALUES  ('0001', 'ABC001'),
        ('0003', 'DEF002'),
        ('0004', 'GHI003'), 
        ('0007', 'JKL004'),
        ('0008', 'MNO005'),
        ('0009', 'QRS006'),
        ('0012', 'TUV007'),
        ('0015', 'XYZ008');

-- Inserting data into ShopComplaint

INSERT INTO ShopComplaint
VALUES  ('0002', 'Apple'),
        ('0005', 'Uniqlo'),
        ('0006', 'Sephora'),
        ('0010', 'Giant'),
        ('0011', 'Giant'),
        ('0013', 'Sephora'),
        ('0014', 'Ikea'),
        ('0016', 'Challenger');
